,station,sample,core,cruise,time,year,month,day,hour,x,y,y_adj,temperature,depth,grain_phi,grain_mm,grain_slope,mud_percent,vf_sand_percent,f_sand_percent,m_sand_percent,c_sand_percent,vc_sand_percent,vf_pebbles_percent,f_pebbles_percent,pebbles_percent,tom_proportion,shear_stress,vms_ospar,seq_depth
B01,DB_11,DB_11,b,HE538,T01:02:31,2019,7,31,1,3.67509,55.64574,55.64574,13,38.98922622,2.533474909,172.7221595,3.224768032,3.127639633,8.088124689,79.66629254,7.997870937,0.517223424,0.268447057,0.334401722,0,0,0.005,0.2581,0.296273678,18916
B02,DB_12,DB_12,b,HE538,T02:04:12,2019,7,31,2,3.78002,55.69845,55.69845,13,41.36432764,2.423234912,186.4376435,2.410112782,2.341966855,8.345737819,75.98094671,10.21534187,0.715490721,0.589461149,1.811054877,0,0,0.0052,0.2326,0.251060797,15771
B03,DB_06,DB_06,b,HE538,T03:08:14,2019,7,31,3,3.89084,55.75449,55.75449,14,40.9266611,2.515515631,174.8857165,3.488602425,2.726653033,7.770961145,78.62596163,10.2726653,0.388548057,0.115882754,0.099328075,0,0,0.0031,0.2302,0.287439388,19344
B04,DB_20,DB_20,b,HE538,T07:00:50,2019,7,31,7,3.75861,55.61117,55.61117,13,37.61018967,2.019765519,246.5982524,3.058775324,0.134358438,2.015376577,52.61625737,42.12883481,1.84369635,0.634470404,0.627006046,0,0,0.003575983,0.2667,0.289093064,23066
B05,DB_22,DB_22,b,HE538,T08:38:23,2019,7,31,9,3.85194,55.62483,55.62483,13,37.57250192,2.180266987,220.6349143,3.684051256,0.198082561,2.107598447,67.4273037,28.15941684,1.624276999,0.3248554,0.158466049,0,0,0.003972453,0.2691,0.433360214,41842
B06,DB_13,DB_13,b,HE538,T10:19:44,2019,7,31,10,3.85447,55.6652,55.6652,13,39.11107154,2.371536481,193.2397128,3.137602977,2.549361988,4.686366689,72.69442579,18.50235057,1.24110141,0.192075218,0.134318334,0,0,0.0041,0.2532,0.316940698,12467
B07,DB_23,DB_23,b,HE538,T12:08:50,2019,7,31,12,3.9425,55.62548,55.62548,15,37.56778612,2.383685283,191.6192912,2.76462516,2.401006874,6.457546713,72.17058767,17.3317843,0.518927292,0.194597735,0.925549424,0,0,0.015979475,0.271,0.393766406,4294
B08,DB_14,DB_14,b,HE538,T13:48:17,2019,7,31,14,3.9672,55.67063,55.67063,14,39.51915456,1.888605404,270.067997,2.948643045,0.100458341,1.16154957,42.50643561,52.50204056,1.563382935,1.450367301,0.715765681,0,0,0.005581917,0.253,0.285406137,7053
B09,DB_15,DB_15,b,HE538,T15:18:38,2019,7,31,15,4.01393,55.70004,55.70004,15,40.87963396,2.312176427,201.3564473,3.442267405,0.974342319,2.04611887,78.6554076,16.40142904,1.052289704,0.298798311,0.57161416,0,0,0.00461507,0.2362,0.302524725,12760
B10,DB_16,DB_16,b,HE538,T17:08:09,2019,7,31,17,4.10604,55.7131,55.7131,14,42.63873764,2.267749232,207.653597,3.163684454,0.255000398,3.155629931,75.4243366,18.43971631,1.187345605,0.84468882,0.693282333,0,0,0.004391417,0.222,0.345313397,14424
B11,DB_07,DB_07,b,HE538,T18:52:36,2019,7,31,19,4.01529,55.759,55.759,14,38.69276901,0.530115562,692.4992616,1.65545404,1.227830832,0.373375458,1.895598478,37.96007755,21.01026783,30.34752639,7.185323472,0,0,0.0052,0.2579,0.220621321,20652
B12,DB_08,DB_08,b,HE538,T20:38:47,2019,7,31,21,4.07052,55.75608,55.75608,14,37.89739884,2.059255886,239.9397542,3.513520123,0.272078829,1.161850136,56.01882491,40.92212663,0.90447827,0.308846239,0.411794985,0,0,0.005018513,0.2665,0.243205464,20964
B13,DB_09,DB_09,b,HE538,T21:30:40,2019,7,31,22,4.13677,55.77792,55.77792,14,38.7749512,1.86538222,274.4504823,2.714191126,0.00896861,0.852017937,44.27802691,49.05829596,2.565022422,2.565022422,0.67264574,0,0,0.003891821,0.2548,0.314554257,35391
B14,DB_10,DB_10,b,HE538,T22:33:30,2019,7,31,23,4.23814,55.75859,55.75859,15,36.8002003,2.062151942,239.4585839,3.522749931,0.224215247,1.337817638,56.29297459,40.20926756,1.263079223,0.358744395,0.313901345,0,0,0.004673295,0.2793,0.482606141,6752
B15,DB_18,DB_18,b,HE538,T23:48:02,2019,7,31,24,4.30768,55.70674,55.70674,16,34.44994528,2.083996298,235.8601679,3.006599036,0,1.665357423,61.89316575,32.20738413,2.223095051,1.7282011,0.282796544,0,0,0.004831468,0.3035,0.697136871,19650
B16,DB_19,DB_19,b,HE538,T00:51:08,2019,8,1,1,4.33702,55.66435,55.66435,16,34.45945193,2.334119678,198.3170089,1.825920182,3.713660519,6.128477649,74.64520163,10.12972804,0.536105033,0.311034698,4.535792435,0,0,0.0049,0.3036,0.743552464,21041
B17,DB_28,DB_28,b,HE538,T01:48:13,2019,8,1,2,4.25543,55.64536,55.64536,17,35.73569331,2.470588333,180.4175599,2.759441345,2.28604757,6.107033117,83.70746557,5.829634688,0.207693183,0.132297713,1.729828155,0,0,0.0046,0.2893,0.52747284,26301
B18,DB_17,DB_17,b,HE538,T02:46:20,2019,8,1,3,4.18825,55.68393,55.68393,14,38.97162801,2.494318002,177.4742962,3.295415439,2.11625012,7.842573973,79.55759839,9.605477353,0.199176482,0.109164033,0.569759648,0,0,0.017105961,0.2541,0.375223015,19574
B19,DB_27,DB_27,b,HE538,T10:52:48,2019,8,1,11,4.17817,55.62895,55.62895,15,35.88800907,1.647720648,319.1439828,2.43382652,0.010896807,0.174348916,29.48676038,62.29704697,3.770295303,1.329410483,2.931241146,0,0,0.005832876,0.2878,0.448844472,21200
B20,DB_25,DB_25,b,HE538,T12:29:08,2019,8,1,12,4.08943,55.61245,55.61245,15,34.26897864,2.37321302,193.0152816,2.741406157,2.084133692,5.128697657,75.89127929,14.8444103,0.566653861,0.180560891,1.30426431,0,0,0.010623492,0.3036,0.429074598,15975
B21,DB_24,DB_24,b,HE538,T13:52:38,2019,8,1,14,4.02217,55.58738,55.58738,15,34.71873262,2.330249229,198.8497661,2.17065308,2.158909927,7.096089188,72.61546629,13.38701115,1.772252699,0.441514776,2.528755972,0,0,0.0051,0.2988,0.410080621,16735
B22,DB_21,DB_21,b,HE538,T15:56:02,2019,8,1,16,3.83602,55.57422,55.57422,15,36.25702729,2.507366002,175.8764226,3.631562455,1.878005013,8.111995397,80.3103982,8.553073161,0.865717847,0.206840815,0.073969563,0,0,0.0046,0.2905,0.483381309,17532
B23,DB_31,DB_31,b,HE538,T17:36:13,2019,8,1,18,3.93377,55.52887,55.52887,16,33.50398607,2.446877632,183.4072237,2.996298435,2.16471041,7.629401578,76.18433712,12.51587454,0.680200115,0.093323071,0.732153165,0,0,0.0034,0.3128,0.358427812,18335
B24,DB_32,DB_32,b,HE538,T19:04:00,2019,8,1,19,4.00496,55.54504,55.54504,16,33.03473735,2.343768874,196.9950285,2.33206546,2.41428983,6.573321809,71.77067128,15.83405359,0.95303947,0.60616537,1.848458657,0,0,0.0055,0.3159,0.367864154,19801
B25,DB_34,DB_34,b,HE538,T20:39:30,2019,8,1,21,4.08603,55.50448,55.50448,16,31.093628,2.296572441,203.5461105,1.907747046,4.002141237,3.445701326,74.07130883,13.19678251,1.060757604,0.339498781,3.883809712,0,0,0.005,0.3409,0.557978309,18555
B26,DB_33,DB_33,b,HE538,T21:31:05,2019,8,1,22,4.08672,55.46098,55.46098,15,29.72055777,2.322435009,199.9297391,2.867394711,1.588114754,3.709016393,76.05327869,14.9692623,2.56454918,0.319672131,0.796106557,0,0,0.014088956,0.3555,0.687426606,18255
B27,DB_44,DB_44,b,HE538,T22:34:30,2019,8,1,23,4.19996,55.45266,55.45266,14,29.96938415,1.982023399,253.1345963,3.097300809,0.265066964,0.725446429,51.34626116,44.21037946,1.960100446,0.969587054,0.523158482,0,0,0.003404057,0.3514,0.743276827,31026
B28,DB_45,DB_45,b,HE538,T23:23:23,2019,8,1,23,4.27008,55.4681,55.4681,14,30.94828105,2.369925782,193.4555761,2.288606133,2.58256826,4.33408847,79.66972696,10.15142482,0.294503398,0.149040181,2.818647907,0,0,0.005,0.3418,0.666081723,20144
B29,DB_37,DB_37,b,HE538,T00:10:31,2019,8,2,0,4.31284,55.50194,55.50194,15,32.02282462,2.268522853,207.5422761,3.49744296,0.684804738,2.841014251,73.34813992,21.02535628,1.415880067,0.499722376,0.185082362,0,0,0.016529021,0.3308,0.572659717,13306
B30,DB_36,DB_36,b,HE538,T00:55:27,2019,8,2,1,4.23462,55.51881,55.51881,15,31.33623882,2.421966615,186.601616,2.850184669,2.053342875,6.59767141,77.27147615,12.24161185,0.525721835,0.225702568,1.084473315,0,0,0.0058,0.3373,0.500488998,13282
B31,DB_26,DB_26,b,HE538,T01:53:52,2019,8,2,2,4.19151,55.56611,55.56611,16,32.69363898,2.334290867,198.2934781,2.014576419,1.96121398,7.71447354,74.56667032,10.96745919,0.765859538,0.347321135,3.677002301,0,0,0.0049,0.3225,0.475294218,18396
B32,DB_35,DB_35,b,HE538,T02:41:51,2019,8,2,3,4.15057,55.53128,55.53128,14,31.62068281,2.346078096,196.6799644,2.376703975,1.842823713,5.586973479,76.31630265,12.84126365,0.794656786,0.326638066,2.291341654,0,0,0.014333022,0.3335,0.505947904,20983
B33,DB_43,DB_43,b,HE538,T06:03:14,2019,8,2,6,4.18914,55.41457,55.41457,13,35.73396583,2.547091401,171.0996364,4.004185014,2.41193628,7.07314337,83.03903971,7.260489118,0.085259143,0.111061252,0.019071124,0,0,0.004,0.2865,0.761513974,25318
B34,DB_38,DB_38,b,HE538,T12:38:21,2019,8,2,13,4.35178,55.54886,55.54886,15,31.18054798,2.396292646,189.952072,2.652137073,1.74030964,4.946321618,81.31766301,9.375070629,0.449768335,0.320940219,1.849926545,0,0,0.0037,0.3391,0.547588371,22257
B35,DB_29,DB_29,b,HE538,T14:09:09,2019,8,2,14,4.37298,55.59442,55.59442,16,32.31892688,2.012423907,247.8563444,3.075036933,0.03657979,0.969364426,54.61362597,41.90214906,0,2.066758116,0.411522634,0,0,0.00439954,0.3275,0.571981043,23209
B36,DB_30,DB_30,b,HE538,T15:55:44,2019,8,2,16,4.41049,55.63285,55.63285,16,33.9863469,2.231333591,212.9617754,3.32382161,0.453555878,2.412917271,71.91582003,22.63546202,1.602564103,0.562409289,0.417271408,0,0,0.004978625,0.3083,0.538722354,20754
B37,DB_40,DB_40,b,HE538,T17:37:41,2019,8,2,18,4.44608,55.56045,55.56045,16,31.98606849,2.481475696,179.0611552,3.332885967,2.666686043,5.93937104,80.1633436,10.44439923,0.258675812,0.062489101,0.465035168,0,0,0.0046,0.3291,0.575131763,15150
B38,DB_39,DB_39,b,HE538,T19:04:41,2019,8,2,19,4.42462,55.51426,55.51426,15,30.91286823,1.922585937,263.7812753,3.143457872,0.021117094,0.88691796,45.80297751,49.60405448,2.206736353,0.908035054,0.570161546,0,0,0.004330478,0.3431,0.570859926,9108
B39,DB_41,DB_41,b,HE538,T20:56:37,2019,8,2,21,4.51596,55.55004,55.55004,16,32.12024557,2.456547965,182.1819628,2.957383266,1.824411135,7.743040685,78.67922912,10.19357602,0.337473233,0.161884368,1.060385439,0,0,0.0037,0.3291,0.605658894,18551
B40,DB_46,DB_46,b,HE538,T21:57:32,2019,8,2,22,4.57765,55.50599,55.50599,16,32.00139493,2.534557342,172.5926172,3.261004007,2.593070536,9.270531519,78.8269095,8.469479682,0.272698498,0.087653089,0.479657179,0,0,0.0041,0.3309,0.660004374,13169
B41,DB_49,DB_49,b,HE538,T10:16:53,2019,8,3,10,4.63113,55.47174,55.47174,13,36.16469247,2.544033452,171.4626853,3.553228228,3.316130449,7.092346547,80.58965631,8.598879982,0.227297683,0.063687274,0.112001757,0,0,0.0035,0.2927,0.531143414,27838
B42,DB_58,DB_58,b,HE538,T23:42:42,2019,8,2,24,4.67663,55.44136,55.44136,14,42.40047348,2.650100674,159.3089612,3.735663297,2.424584156,14.85762616,77.13278827,5.273000658,0.196410112,0.058265201,0.057325439,0,0,0.0042,0.2281,0.254253764,26472
B43,DB_57,DB_57,b,HE538,T00:32:34,2019,8,3,1,4.60343,55.43296,55.43296,13,40.7043039,2.410486209,188.0924428,3.642357024,1.501608867,4.451197712,80.61315695,11.80729353,1.144082946,0.429031105,0.053628888,0,0,0.008923025,0.24,0.373043814,24959
B44,DB_56,DB_56,b,HE538,T01:25:41,2019,8,3,1,4.52486,55.41608,55.41608,13,41.94213778,2.596985274,165.2835127,3.688875012,2.719685676,10.60008638,80.10811865,6.214035919,0.153260976,0.080810333,0.124002062,0,0,0.0065,0.2262,0.523440032,15097
B45,DB_53,DB_53,b,HE538,T02:17:28,2019,8,3,2,4.43726,55.40303,55.40303,13,43.17952869,2.483114385,178.8578836,3.987988279,0.910795607,7.411376016,82.46271989,8.125725511,0.758996339,0.27681043,0.053576212,0,0,0.005580369,0.2151,0.44980057,15790
B46,DB_52,DB_52,b,HE538,T03:11:32,2019,8,3,3,4.35633,55.39278,55.39278,13,43.38084636,2.387248994,191.146542,3.529336042,0.398058252,7.601941748,75.49514563,14.83495146,1.087378641,0.524271845,0.058252427,0,0,0.006702503,0.216,0.368340042,9622
B47,DB_50,DB_50,b,HE538,T04:04:57,2019,8,3,4,4.27171,55.37881,55.37881,12,41.19704727,2.376780556,192.5385778,3.5985897,2.125356686,3.414346158,76.32588803,17.52435305,0.442782643,0.098396143,0.0688773,0,0,0.005772408,0.2346,0.300601701,16737
B48,DB_48,DB_48,b,HE538,T11:53:57,2019,8,3,12,4.53834,55.46178,55.46178,15,31.66039395,2.393675413,190.2969821,2.385651907,2.212094124,6.008032533,78.83717124,9.90972843,0.406662722,0.226623189,2.399687764,0,0,0.0034,0.335,0.643943229,21693
B49,DB_47,DB_47,b,HE538,T13:20:28,2019,8,3,13,4.4489,55.44823,55.44823,15,32.95128889,2.482018479,178.9938,3.916726026,2.013025459,4.065522005,85.53779357,7.853759621,0.132228143,0.050325636,0.347345569,0,0,0.01661806,0.3228,0.683256428,16454
B50,DB_42,DB_42,b,HE538,T14:57:28,2019,8,3,13,4.35212,55.43818,55.43818,13,35.4789373,2.560375966,169.5313553,3.531971614,3.118564284,8.70844366,79.46847112,8.330881632,0.157889575,0.111797588,0.103952143,0,0,0.0051,0.2896,0.630722927,15233
C01b,506,506b,b,HE562,T02:07:00,2020,10,4,2,7.91666,54.58328,54.58328,16,12.00517875,1.285634613,410.1903302,2.946556522,0.049654898,0.099309797,9.33512091,64.36267938,22.02691295,3.798599732,0.32772233,0,0,0.001656239,0.7983,0.922951704,7618
C02b,507,507b,b,HE562,T01:27:00,2020,10,4,1,7.91639,54.60025,54.60025,16.5,12.26505157,0.878007847,544.1182611,2.172568909,0.067985167,0.037082818,5.550061805,45.90852905,30.407911,16.42150803,1.606922126,0,0,0.001258468,0.7279,0.951483774,13462
C03a,508,508a,a,HE562,T03:20:00,2020,10,4,3,7.9582,54.58349,54.583489,16,10.25242677,1.057134085,480.5857962,3.162314341,0.007109342,0.056874733,3.469358737,54.13052751,37.1036542,5.182710081,0.049765392,0,0,0.001423513,0.8662,1.008998449,12039
C03b,508,508b,b,HE562,T03:20:00,2020,10,4,3,7.9582,54.58349,54.58349,16,10.25242677,1.057134085,480.5857962,3.162314341,0.007109342,0.056874733,3.469358737,54.13052751,37.1036542,5.182710081,0.049765392,0,0,0.001423513,0.8662,1.008998449,10829
C03c,508,508c,c,HE562,T03:20:00,2020,10,4,3,7.9582,54.58349,54.583491,16,10.25242677,1.057134085,480.5857962,3.162314341,0.007109342,0.056874733,3.469358737,54.13052751,37.1036542,5.182710081,0.049765392,0,0,0.001423513,0.8662,1.008998449,20724
C04a,514,514a,a,HE562,T22:30:00,2020,10,3,22,7.92237,54.66225,54.662249,17,12.15896835,1.142027455,453.1223461,2.527430633,0.249883775,0.040678754,9.321245932,51.85960019,31.65969317,6.473733147,0.39516504,0,0,0.002008903,0.6385,1.253689625,10228
C04b,514,514b,b,HE562,T22:30:00,2020,10,3,22,7.92237,54.66225,54.66225,17,12.15896835,1.142027455,453.1223461,2.527430633,0.249883775,0.040678754,9.321245932,51.85960019,31.65969317,6.473733147,0.39516504,0,0,0.002008903,0.6385,1.253689625,18756
C04c,514,514c,c,HE562,T22:30:00,2020,10,3,22,7.92237,54.66225,54.662251,17,12.15896835,1.142027455,453.1223461,2.527430633,0.249883775,0.040678754,9.321245932,51.85960019,31.65969317,6.473733147,0.39516504,0,0,0.002008903,0.6385,1.253689625,17674
C05b,585,585b,b,HE562,T02:38:00,2020,10,4,2,7.92808,54.58366,54.58366,16,12.05843567,1.489407244,356.1588528,3.131669338,0.395787688,0.501802248,14.01512474,69.53141565,14.04339529,1.364053997,0.148420383,0,0,0.002797684,0.8144,0.903797176,12971
C06b,CLS_13,CLS_13b,b,HE562,T07:10:00,2020,10,4,7,8.00354,54.41448,54.41448,17,16.10013029,2.023943997,245.8850632,3.846620204,0.072891127,0.410840899,54.64846597,42.4822742,1.908422238,0.337949771,0.139155788,0,0,0.004707001,1.127,0.75540402,20938
C07a,CLS_15,CLS_15a,a,HE562,T06:16:00,2020,10,4,6,7.99886,54.49989,54.499889,17,15.39206667,1.309114056,403.5686309,2.85526687,0.059347181,0.230794593,12.46290801,58.18661391,26.6732608,2.05077481,0.336300692,0,0,0.002449929,1.1807,1.176271013,24411
C07b,CLS_15,CLS_15b,b,HE562,T06:16:00,2020,10,4,6,7.99886,54.49989,54.49989,17,15.39206667,1.309114056,403.5686309,2.85526687,0.059347181,0.230794593,12.46290801,58.18661391,26.6732608,2.05077481,0.336300692,0,0,0.002449929,1.1807,1.176271013,17473
C07c,CLS_15,CLS_15c,c,HE562,T06:16:00,2020,10,4,6,7.99886,54.49989,54.499891,17,15.39206667,1.309114056,403.5686309,2.85526687,0.059347181,0.230794593,12.46290801,58.18661391,26.6732608,2.05077481,0.336300692,0,0,0.002449929,1.1807,1.176271013,29081
C08a,CLS_22,CLS_22a,a,HE562,T19:46:00,2020,10,2,19,7.83271,54.66615,54.666149,16,14.48016601,1.395245196,380.1800685,3.246029187,0.067509513,0.07978397,11.54412667,68.67558611,17.65066896,1.75524733,0.227077452,0,0,0.001327256,0.6861,0.294073694,16630
C08b,CLS_22,CLS_22b,b,HE562,T19:46:00,2020,10,2,19,7.83271,54.66615,54.66615,16,14.48016601,1.395245196,380.1800685,3.246029187,0.067509513,0.07978397,11.54412667,68.67558611,17.65066896,1.75524733,0.227077452,0,0,0.001327256,0.6861,0.294073694,13056
C08c,CLS_22,CLS_22c,c,HE562,T19:46:00,2020,10,2,19,7.83271,54.66615,54.666151,16,14.48016601,1.395245196,380.1800685,3.246029187,0.067509513,0.07978397,11.54412667,68.67558611,17.65066896,1.75524733,0.227077452,0,0,0.001327256,0.6861,0.294073694,31000
C09b,CLS_25,CLS_25b,b,HE562,T08:02:00,2020,9,30,8,7.83406,54.91711,54.91711,17,19.22758081,2.43652439,184.7281468,3.330338274,1.26176219,7.841459937,77.33105218,11.56971771,1.404334189,0.420587397,0.171086399,0,0,0.002775413,0.5303,0.344426663,18715
C10a,CLS_26,CLS_26a,a,HE562,T11:47:00,2020,9,30,11,7.66401,54.83362,54.833619,18,20.44031402,0.09305037,937.5383627,2.08466634,0.031472933,0.183592111,0.912715065,18.90474192,24.76919849,48.34242551,6.855853966,0,0,0.000973363,0.5597,0.448009386,8604
C10b,CLS_26,CLS_26b,b,HE562,T11:47:00,2020,9,30,11,7.66401,54.83362,54.83362,18,20.44031402,0.09305037,937.5383627,2.08466634,0.031472933,0.183592111,0.912715065,18.90474192,24.76919849,48.34242551,6.855853966,0,0,0.000973363,0.5597,0.448009386,34811
C10c,CLS_26,CLS_26c,c,HE562,T11:47:00,2020,9,30,11,7.66401,54.83362,54.833621,18,20.44031402,0.09305037,937.5383627,2.08466634,0.031472933,0.183592111,0.912715065,18.90474192,24.76919849,48.34242551,6.855853966,0,0,0.000973363,0.5597,0.448009386,16858
C11a,CLS_29,CLS_29a,a,HE562,T19:50:00,2020,9,29,19,7.83331,55.00079,55.000789,18,17.37407376,0.939240131,521.5074865,3.159457324,0.128324778,0.005832944,1.423238451,46.79188054,45.43280448,5.902939804,0.314979001,0,0,0.001839304,0.4773,0.167371513,21417
C11b,CLS_29,CLS_29b,b,HE562,T19:50:00,2020,9,29,19,7.83331,55.00079,55.00079,18,17.37407376,0.939240131,521.5074865,3.159457324,0.128324778,0.005832944,1.423238451,46.79188054,45.43280448,5.902939804,0.314979001,0,0,0.001839304,0.4773,0.167371513,23310
C11c,CLS_29,CLS_29c,c,HE562,T19:50:00,2020,9,29,19,7.83331,55.00079,55.000791,18,17.37407376,0.939240131,521.5074865,3.159457324,0.128324778,0.005832944,1.423238451,46.79188054,45.43280448,5.902939804,0.314979001,0,0,0.001839304,0.4773,0.167371513,24596
C12a,CLS_33,CLS_33a,a,HE562,T05:12:00,2020,10,4,5,7.83277,54.49952,54.499519,17,18.41053998,2.182454185,220.3006741,3.671567512,0.122881904,1.131807011,70.63769241,25.59177338,1.668606907,0.633811926,0.213426465,0,0,0.001983416,0.8507,0.724018838,19406
C12b,CLS_33,CLS_33b,b,HE562,T05:12:00,2020,10,4,5,7.83277,54.49952,54.49952,17,18.41053998,2.182454185,220.3006741,3.671567512,0.122881904,1.131807011,70.63769241,25.59177338,1.668606907,0.633811926,0.213426465,0,0,0.001983416,0.8507,0.724018838,23475
C12c,CLS_33,CLS_33c,c,HE562,T05:12:00,2020,10,4,5,7.83277,54.49952,54.499521,17,18.41053998,2.182454185,220.3006741,3.671567512,0.122881904,1.131807011,70.63769241,25.59177338,1.668606907,0.633811926,0.213426465,0,0,0.001983416,0.8507,0.724018838,35306
C13a,CLS_41,CLS_41a,a,HE562,T10:13:00,2020,9,30,10,7.8353,54.83291,54.832909,17,17.74309866,2.073711975,237.5475158,3.108582281,0.174509918,3.734512245,54.40055843,37.57198534,3.600721308,0.447908789,0.069803967,0,0,0.002622053,0.5229,0.411799145,3259
C13b,CLS_41,CLS_41b,b,HE562,T10:13:00,2020,9,30,10,7.8353,54.83291,54.83291,17,17.74309866,2.073711975,237.5475158,3.108582281,0.174509918,3.734512245,54.40055843,37.57198534,3.600721308,0.447908789,0.069803967,0,0,0.002622053,0.5229,0.411799145,48548
C13c,CLS_41,CLS_41c,c,HE562,T10:13:00,2020,9,30,10,7.8353,54.83291,54.832911,17,17.74309866,2.073711975,237.5475158,3.108582281,0.174509918,3.734512245,54.40055843,37.57198534,3.600721308,0.447908789,0.069803967,0,0,0.002622053,0.5229,0.411799145,8964
C14a,CLS_43,CLS_43a,a,HE562,T07:16:00,2020,9,28,7,7.10544,55.07012,55.070119,17,34.0633507,2.901775096,133.806945,2.474866132,4.989935375,41.64636084,43.75463502,8.019917364,1.239538087,0.296641593,0.052971713,0,0,0.004607299,0.5195,0.038054614,18085
C14b,CLS_43,CLS_43b,b,HE562,T07:16:00,2020,9,28,7,7.10544,55.07012,55.07012,17,34.0633507,2.901775096,133.806945,2.474866132,4.989935375,41.64636084,43.75463502,8.019917364,1.239538087,0.296641593,0.052971713,0,0,0.004607299,0.5195,0.038054614,6869
C14c,CLS_43,CLS_43c,c,HE562,T07:16:00,2020,9,28,7,7.10544,55.07012,55.070121,17,34.0633507,2.901775096,133.806945,2.474866132,4.989935375,41.64636084,43.75463502,8.019917364,1.239538087,0.296641593,0.052971713,0,0,0.004607299,0.5195,0.038054614,7758
C15a,CLS_45,CLS_45a,a,HE562,T11:14:00,2020,9,29,11,7.29564,54.9973,54.997299,17,30.21914376,2.76946846,146.6583928,2.847633987,3.979816644,26.01805131,64.6862341,4.015350721,0.724895174,0.298486248,0.277165802,0,0,0.005160225,0.5714,0.063023286,20665
C15b,CLS_45,CLS_45b,b,HE562,T11:14:00,2020,9,29,11,7.29564,54.9973,54.9973,17,30.21914376,2.76946846,146.6583928,2.847633987,3.979816644,26.01805131,64.6862341,4.015350721,0.724895174,0.298486248,0.277165802,0,0,0.005160225,0.5714,0.063023286,12617
C15c,CLS_45,CLS_45c,c,HE562,T11:14:00,2020,9,29,11,7.29564,54.9973,54.997301,17,30.21914376,2.76946846,146.6583928,2.847633987,3.979816644,26.01805131,64.6862341,4.015350721,0.724895174,0.298486248,0.277165802,0,0,0.005160225,0.5714,0.063023286,34723
C16a,CLS_49,CLS_49a,a,HE562,T17:26:00,2020,10,2,17,7.66568,54.74988,54.749879,17,19.53228099,2.202837956,217.209942,3.504916443,1.56991115,1.05551473,66.42394282,29.42080299,1.329414123,0.200414189,0,0,0,0.002095089,0.5935,0.488913073,35164
C16b,CLS_49,CLS_49b,b,HE562,T17:26:00,2020,10,2,17,7.66568,54.74988,54.74988,17,19.53228099,2.202837956,217.209942,3.504916443,1.56991115,1.05551473,66.42394282,29.42080299,1.329414123,0.200414189,0,0,0,0.002095089,0.5935,0.488913073,9905
C16c,CLS_49,CLS_49c,c,HE562,T17:26:00,2020,10,2,17,7.66568,54.74988,54.749881,17,19.53228099,2.202837956,217.209942,3.504916443,1.56991115,1.05551473,66.42394282,29.42080299,1.329414123,0.200414189,0,0,0,0.002095089,0.5935,0.488913073,8328
C17a,CLS_52,CLS_52a,a,HE562,T07:58:00,2020,9,29,7,7.32042,55.02621,55.026209,18,30.1186367,2.711387943,152.6830755,2.484633137,1.13582584,36.6461587,47.10522164,12.61239943,2.145448809,0.339170216,0.015775359,0,0,0.008707796,0.5648,0.051749571,9945
C17b,CLS_52,CLS_52b,b,HE562,T07:58:00,2020,9,29,7,7.32042,55.02621,55.02621,18,30.1186367,2.711387943,152.6830755,2.484633137,1.13582584,36.6461587,47.10522164,12.61239943,2.145448809,0.339170216,0.015775359,0,0,0.008707796,0.5648,0.051749571,18559
C17c,CLS_52,CLS_52c,c,HE562,T07:58:00,2020,9,29,7,7.32042,55.02621,55.026211,18,30.1186367,2.711387943,152.6830755,2.484633137,1.13582584,36.6461587,47.10522164,12.61239943,2.145448809,0.339170216,0.015775359,0,0,0.008707796,0.5648,0.051749571,19836
C18a,CLS_56,CLS_56a,a,HE562,T18:26:00,2020,10,2,18,7.83239,54.75002,54.750019,16,15.82747001,2.131762981,228.1788564,3.166315484,1.522660346,0.287294405,62.56553904,32.35653236,2.614379085,0.617682971,0.035911801,0,0,0.00219614,0.518,0.464584049,11632
C18b,CLS_56,CLS_56b,b,HE562,T18:26:00,2020,10,2,18,7.83239,54.75002,54.75002,16,15.82747001,2.131762981,228.1788564,3.166315484,1.522660346,0.287294405,62.56553904,32.35653236,2.614379085,0.617682971,0.035911801,0,0,0.00219614,0.518,0.464584049,13269
C18c,CLS_56,CLS_56c,c,HE562,T18:26:00,2020,10,2,18,7.83239,54.75002,54.750021,16,15.82747001,2.131762981,228.1788564,3.166315484,1.522660346,0.287294405,62.56553904,32.35653236,2.614379085,0.617682971,0.035911801,0,0,0.00219614,0.518,0.464584049,12763
C19a,CLS_57,CLS_57a,a,HE562,T13:55:00,2020,9,28,13,7.16829,55.04407,55.044069,17,34.10735156,2.991451553,125.7428652,2.943844628,4.457076948,45.59235459,45.66650189,3.344867359,0.757950239,0.18124897,0,0,0,0.009799503,0.5558,0.058428881,14240
C19b,CLS_57,CLS_57b,b,HE562,T13:55:00,2020,9,28,13,7.16829,55.04407,55.04407,17,34.10735156,2.991451553,125.7428652,2.943844628,4.457076948,45.59235459,45.66650189,3.344867359,0.757950239,0.18124897,0,0,0,0.009799503,0.5558,0.058428881,20837
C19c,CLS_57,CLS_57c,c,HE562,T13:55:00,2020,9,28,13,7.16829,55.04407,55.044071,17,34.10735156,2.991451553,125.7428652,2.943844628,4.457076948,45.59235459,45.66650189,3.344867359,0.757950239,0.18124897,0,0,0,0.009799503,0.5558,0.058428881,13268
C20a,CLS_61,CLS_61a,a,HE562,T17:04:00,2020,9,28,17,7.26504,55.03103,55.031029,14,31.18755875,2.344754904,196.8604355,2.82028392,0.520967327,14.39413429,56.09724723,27.77206072,0.906869051,0.192950862,0.115770517,0,0,0.004276563,0.5693,0.047797143,25382
C20b,CLS_61,CLS_61b,b,HE562,T17:04:00,2020,9,28,17,7.26504,55.03103,55.03103,14,31.18755875,2.344754904,196.8604355,2.82028392,0.520967327,14.39413429,56.09724723,27.77206072,0.906869051,0.192950862,0.115770517,0,0,0.004276563,0.5693,0.047797143,16068
C20c,CLS_61,CLS_61c,c,HE562,T17:04:00,2020,9,28,17,7.26504,55.03103,55.031031,14,31.18755875,2.344754904,196.8604355,2.82028392,0.520967327,14.39413429,56.09724723,27.77206072,0.906869051,0.192950862,0.115770517,0,0,0.004276563,0.5693,0.047797143,4062
C21a,CLS_66,CLS_66a,a,HE562,T12:54:00,2020,9,28,12,7.12294,55.02799,55.027989,18,31.94051144,2.626898517,161.8917624,3.170717876,1.190318741,20.94299696,68.4433276,8.061103029,1.031609575,0.251289512,0.079354583,0,0,0.005238771,0.5298,0.08892481,16176
C21b,CLS_66,CLS_66b,b,HE562,T12:54:00,2020,9,28,12,7.12294,55.02799,55.02799,18,31.94051144,2.626898517,161.8917624,3.170717876,1.190318741,20.94299696,68.4433276,8.061103029,1.031609575,0.251289512,0.079354583,0,0,0.005238771,0.5298,0.08892481,31898
C21c,CLS_66,CLS_66c,c,HE562,T12:54:00,2020,9,28,12,7.12294,55.02799,55.027991,18,31.94051144,2.626898517,161.8917624,3.170717876,1.190318741,20.94299696,68.4433276,8.061103029,1.031609575,0.251289512,0.079354583,0,0,0.005238771,0.5298,0.08892481,8886
C22b,CLS_67,CLS_67b,b,HE562,T09:04:00,2020,9,28,9,7.06618,55.04348,55.04348,19,33.59938832,2.715893766,152.2069598,3.342648517,0.882738197,25.51398143,69.01304174,3.172162424,0.871348027,0.41004613,0.136682043,0,0,0.007799346,0.4945,0.077678443,19796
C23a,CLS_69,CLS_69a,a,HE562,T17:26:00,2020,9,29,17,7.83448,55.08334,55.083339,17,18.46654582,2.362695538,194.4275361,3.41284111,2.420357166,3.480081115,73.92555766,19.34977432,0.667233597,0.117747105,0.039249035,0,0,0.003111909,0.4802,0.18746553,12868
C23b,CLS_69,CLS_69b,b,HE562,T17:26:00,2020,9,29,17,7.83448,55.08334,55.08334,17,18.46654582,2.362695538,194.4275361,3.41284111,2.420357166,3.480081115,73.92555766,19.34977432,0.667233597,0.117747105,0.039249035,0,0,0.003111909,0.4802,0.18746553,13221
C23c,CLS_69,CLS_69c,c,HE562,T17:26:00,2020,9,29,17,7.83448,55.08334,55.083341,17,18.46654582,2.362695538,194.4275361,3.41284111,2.420357166,3.480081115,73.92555766,19.34977432,0.667233597,0.117747105,0.039249035,0,0,0.003111909,0.4802,0.18746553,18159
C24a,CLS_70,CLS_70a,a,HE562,T12:35:00,2020,9,29,12,7.3512,55.00582,55.005819,17,29.54023605,2.868402985,136.9382148,3.691678414,0.824931256,37.62186484,58.86176152,1.999833347,0.483293059,0.166652779,0.041663195,0,0,0.0492265,0.5701,0.07266813,18293
C24b,CLS_70,CLS_70b,b,HE562,T12:35:00,2020,9,29,12,7.3512,55.00582,55.00582,17,29.54023605,2.868402985,136.9382148,3.691678414,0.824931256,37.62186484,58.86176152,1.999833347,0.483293059,0.166652779,0.041663195,0,0,0.0492265,0.5701,0.07266813,15713
C24c,CLS_70,CLS_70c,c,HE562,T12:35:00,2020,9,29,12,7.3512,55.00582,55.005821,17,29.54023605,2.868402985,136.9382148,3.691678414,0.824931256,37.62186484,58.86176152,1.999833347,0.483293059,0.166652779,0.041663195,0,0,0.0492265,0.5701,0.07266813,12677
C25a,CLS_71,CLS_71a,a,HE562,T06:08:00,2020,9,29,6,7.21837,55.01014,55.010139,17,31.65078404,2.839530985,139.7063029,3.513459044,0.858535076,35.64080749,60.30628819,2.212081367,0.703844071,0.224301957,0.054141852,0,0,0.007543073,0.5606,0.08401704,31674
C25b,CLS_71,CLS_71b,b,HE562,T06:08:00,2020,9,29,6,7.21837,55.01014,55.01014,17,31.65078404,2.839530985,139.7063029,3.513459044,0.858535076,35.64080749,60.30628819,2.212081367,0.703844071,0.224301957,0.054141852,0,0,0.007543073,0.5606,0.08401704,10160
C25c,CLS_71,CLS_71c,c,HE562,T06:08:00,2020,9,29,6,7.21837,55.01014,55.010141,17,31.65078404,2.839530985,139.7063029,3.513459044,0.858535076,35.64080749,60.30628819,2.212081367,0.703844071,0.224301957,0.054141852,0,0,0.007543073,0.5606,0.08401704,37452
C26b,CLS_72,CLS_72b,b,HE562,T18:40:00,2020,9,29,18,7.99949,55.08513,55.08513,16,17.12701907,2.389704293,190.8215094,2.793080416,0.196474683,14.34826541,64.07320085,18.08689795,2.593465813,0.550129112,0.151566184,0,0,0.002640107,0.4322,0.443762236,13377
C27a,SAR02,SAR02a,a,HE562,T12:24:00,2020,9,27,12,6.74488,54.89291,54.892909,18,40.52229279,-0.200013478,1148.709086,0.883129093,1.782279054,3.089283694,4.198257327,16.37433518,29.24069254,18.00950549,6.727396175,7.700577119,12.87767342,0.008233135,0.4569,0.053180907,13002
C27b,SAR02,SAR02b,b,HE562,T12:24:00,2020,9,27,12,6.74488,54.89291,54.89291,18,40.52229279,-0.200013478,1148.709086,0.883129093,1.782279054,3.089283694,4.198257327,16.37433518,29.24069254,18.00950549,6.727396175,7.700577119,12.87767342,0.008233135,0.4569,0.053180907,9097
C27c,SAR02,SAR02c,c,HE562,T12:24:00,2020,9,27,12,6.74488,54.89291,54.892911,18,40.52229279,-0.200013478,1148.709086,0.883129093,1.782279054,3.089283694,4.198257327,16.37433518,29.24069254,18.00950549,6.727396175,7.700577119,12.87767342,0.008233135,0.4569,0.053180907,8753
C28a,SAR03,SAR03a,a,HE562,T10:57:00,2020,9,27,10,6.76818,54.85187,54.851869,17,40.01390978,-0.142812476,1104.055331,1.420935712,0.636682243,1.594626168,4.667056075,6.174065421,27.44742991,40.41471963,11.40186916,7.278037383,0.385514019,0.005003626,0.4831,0.084591726,9303
C28b,SAR03,SAR03b,b,HE562,T10:57:00,2020,9,27,10,6.76818,54.85187,54.85187,17,40.01390978,-0.142812476,1104.055331,1.420935712,0.636682243,1.594626168,4.667056075,6.174065421,27.44742991,40.41471963,11.40186916,7.278037383,0.385514019,0.005003626,0.4831,0.084591726,10297
C28c,SAR03,SAR03c,c,HE562,T10:57:00,2020,9,27,10,6.76818,54.85187,54.851871,17,40.01390978,-0.142812476,1104.055331,1.420935712,0.636682243,1.594626168,4.667056075,6.174065421,27.44742991,40.41471963,11.40186916,7.278037383,0.385514019,0.005003626,0.4831,0.084591726,17528
C30a,SAR07,SAR07a,a,HE562,T08:12:00,2020,9,26,8,6.87221,54.79377,54.793769,17,38.64376294,-0.51521941,1429.211482,1.248218857,1.147959184,0.12755102,3.086734694,10.11479592,11.80484694,45.26147959,14.15816327,9.738520408,4.55994898,0.006093304,0.5778,0.03135966,11320
C30b,SAR07,SAR07b,b,HE562,T08:12:00,2020,9,26,8,6.87221,54.79377,54.79377,17,38.64376294,-0.51521941,1429.211482,1.248218857,1.147959184,0.12755102,3.086734694,10.11479592,11.80484694,45.26147959,14.15816327,9.738520408,4.55994898,0.006093304,0.5778,0.03135966,20406
C30c,SAR07,SAR07c,c,HE562,T08:12:00,2020,9,26,8,6.87221,54.79377,54.793771,17,38.64376294,-0.51521941,1429.211482,1.248218857,1.147959184,0.12755102,3.086734694,10.11479592,11.80484694,45.26147959,14.15816327,9.738520408,4.55994898,0.006093304,0.5778,0.03135966,14587
C31b,SAR10,SAR10b,b,HE562,T06:29:00,2020,9,26,6,6.91541,54.80789,54.80789,17,33.2112978,-0.616513324,1533.165377,1.049174237,1.460957179,1.475350846,6.570708888,5.102554876,10.75206909,37.32997481,19.05721483,12.46491544,5.786254048,0.00834436,0.58,0.061257028,14919
C32a,SAR11,SAR11a,a,HE562,T11:19:00,2020,9,25,11,6.96724,54.73049,54.730489,17,35.44215741,1.000459782,499.8406772,1.136076624,2.481565036,8.528906697,18.9299303,17.24300481,21.47883767,25.65069531,3.01356948,1.801407455,0.872083235,0.007378571,0.6196,0.022292695,17805
C32b,SAR11,SAR11b,b,HE562,T11:19:00,2020,9,25,11,6.96724,54.73049,54.73049,17,35.44215741,1.000459782,499.8406772,1.136076624,2.481565036,8.528906697,18.9299303,17.24300481,21.47883767,25.65069531,3.01356948,1.801407455,0.872083235,0.007378571,0.6196,0.022292695,12344
C32c,SAR11,SAR11c,c,HE562,T11:19:00,2020,9,25,11,6.96724,54.73049,54.730491,17,35.44215741,1.000459782,499.8406772,1.136076624,2.481565036,8.528906697,18.9299303,17.24300481,21.47883767,25.65069531,3.01356948,1.801407455,0.872083235,0.007378571,0.6196,0.022292695,21981
C33b,SAR13,SAR13b,b,HE562,T08:53:00,2020,9,25,8,7.07346,54.76532,54.76532,17,34.18945882,2.219023758,214.7866517,2.184466251,0.938041178,8.004618049,64.36886665,19.65557052,4.464113912,1.428708871,0.630171253,0.509909563,0,0.005451393,0.5808,0.015984182,18960
C34a,SAR16,SAR16a,a,HE562,T06:25:00,2020,9,23,6,7.10514,54.61742,54.617419,18,35.05457092,-0.490799921,1405.223804,0.773005931,1.280194636,1.396049354,9.783930951,18.89590454,14.69037827,14.42391241,15.17117535,5.920176099,18.4382784,0.006785924,0.6958,0.027282087,7840
C34b,SAR16,SAR16b,b,HE562,T06:25:00,2020,9,23,6,7.10514,54.61742,54.61742,18,35.05457092,-0.490799921,1405.223804,0.773005931,1.280194636,1.396049354,9.783930951,18.89590454,14.69037827,14.42391241,15.17117535,5.920176099,18.4382784,0.006785924,0.6958,0.027282087,29620
C34c,SAR16,SAR16c,c,HE562,T06:25:00,2020,9,23,6,7.10514,54.61742,54.617421,18,35.05457092,-0.490799921,1405.223804,0.773005931,1.280194636,1.396049354,9.783930951,18.89590454,14.69037827,14.42391241,15.17117535,5.920176099,18.4382784,0.006785924,0.6958,0.027282087,7740
C35a,SAR17,SAR17a,a,HE562,T08:16:00,2020,9,23,8,7.18197,54.71039,54.710389,18,27.99487438,2.049691367,241.5357479,1.66118207,0.124724168,3.233234194,67.23592056,23.01160894,1.770123765,1.136908759,0.570852921,1.064952509,1.851674182,0.004331159,0.6313,0.0630182,11651
C35b,SAR17,SAR17b,b,HE562,T08:16:00,2020,9,23,8,7.18197,54.71039,54.71039,18,27.99487438,2.049691367,241.5357479,1.66118207,0.124724168,3.233234194,67.23592056,23.01160894,1.770123765,1.136908759,0.570852921,1.064952509,1.851674182,0.004331159,0.6313,0.0630182,14396
C35c,SAR17,SAR17c,c,HE562,T08:16:00,2020,9,23,8,7.18197,54.71039,54.710391,18,27.99487438,2.049691367,241.5357479,1.66118207,0.124724168,3.233234194,67.23592056,23.01160894,1.770123765,1.136908759,0.570852921,1.064952509,1.851674182,0.004331159,0.6313,0.0630182,7230
C36a,SAR23,SAR23a,a,HE562,T06:28:00,2020,10,1,6,7.50674,54.6846,54.684599,17,23.439744,2.174159125,221.5709849,2.972986366,1.322852761,1.386758691,66.9158998,25.53041922,4.064417178,0.651840491,0.127811861,0,0,0.004786872,0.671,0.367376863,7161
C36b,SAR23,SAR23b,b,HE562,T06:28:00,2020,10,1,6,7.50674,54.6846,54.6846,17,23.439744,2.174159125,221.5709849,2.972986366,1.322852761,1.386758691,66.9158998,25.53041922,4.064417178,0.651840491,0.127811861,0,0,0.004786872,0.671,0.367376863,22357
C36c,SAR23,SAR23c,c,HE562,T06:28:00,2020,10,1,6,7.50674,54.6846,54.684601,17,23.439744,2.174159125,221.5709849,2.972986366,1.322852761,1.386758691,66.9158998,25.53041922,4.064417178,0.651840491,0.127811861,0,0,0.004786872,0.671,0.367376863,13964
C37a,SAR33,SAR33a,a,HE562,T15:12:00,2020,9,29,15,7.66605,55.00854,55.008539,17,22.28244365,0.714790965,609.2934071,1.44724875,0.130918612,0.872790748,4.625790967,49.66179358,22.34344316,9.04429413,10.22256164,1.385555313,1.712851844,0.002872608,0.5223,0.137689549,17576
C37b,SAR33,SAR33b,b,HE562,T15:12:00,2020,9,29,15,7.66605,55.00854,55.00854,17,22.28244365,0.714790965,609.2934071,1.44724875,0.130918612,0.872790748,4.625790967,49.66179358,22.34344316,9.04429413,10.22256164,1.385555313,1.712851844,0.002872608,0.5223,0.137689549,31397
C37c,SAR33,SAR33c,c,HE562,T15:12:00,2020,9,29,15,7.66605,55.00854,55.008541,17,22.28244365,0.714790965,609.2934071,1.44724875,0.130918612,0.872790748,4.625790967,49.66179358,22.34344316,9.04429413,10.22256164,1.385555313,1.712851844,0.002872608,0.5223,0.137689549,27197
C38a,SAR37,SAR37a,a,HE562,T15:19:00,2020,9,28,15,7.26089,55.07849,55.078489,17,26.61465338,1.924824144,263.3723605,3.148756024,1.022157323,1.174528601,40.35934226,54.81556727,1.891943369,0.520601867,0.177766491,0.01904641,0.01904641,0.003386801,0.5474,0.065285247,12293
C38b,SAR37,SAR37b,b,HE562,T15:19:00,2020,9,28,15,7.26089,55.07849,55.07849,17,26.61465338,1.924824144,263.3723605,3.148756024,1.022157323,1.174528601,40.35934226,54.81556727,1.891943369,0.520601867,0.177766491,0.01904641,0.01904641,0.003386801,0.5474,0.065285247,13876
C38c,SAR37,SAR37c,c,HE562,T15:19:00,2020,9,28,15,7.26089,55.07849,55.078491,17,26.61465338,1.924824144,263.3723605,3.148756024,1.022157323,1.174528601,40.35934226,54.81556727,1.891943369,0.520601867,0.177766491,0.01904641,0.01904641,0.003386801,0.5474,0.065285247,7634
C39a,SAR75,SAR75a,a,HE562,T10:22:00,2020,9,23,10,7.27504,54.73403,54.734029,18,24.62366987,-2.177345961,4523.206812,0.589637737,0.019480266,0.346748744,3.818132232,14.22449059,17.38418982,4.129816496,3.911637511,7.573927611,48.59157673,0.002491856,0.6384,0.066038904,12989
C39b,SAR75,SAR75b,b,HE562,T10:22:00,2020,9,23,10,7.27504,54.73403,54.73403,18,24.62366987,-2.177345961,4523.206812,0.589637737,0.019480266,0.346748744,3.818132232,14.22449059,17.38418982,4.129816496,3.911637511,7.573927611,48.59157673,0.002491856,0.6384,0.066038904,27987
C39c,SAR75,SAR75c,c,HE562,T10:22:00,2020,9,23,10,7.27504,54.73403,54.734031,18,24.62366987,-2.177345961,4523.206812,0.589637737,0.019480266,0.346748744,3.818132232,14.22449059,17.38418982,4.129816496,3.911637511,7.573927611,48.59157673,0.002491856,0.6384,0.066038904,11421
C40b,SAR_EM_03,SAR_EM_03b,b,HE562,T13:12:00,2020,9,23,13,7.14282,54.78324,54.78324,20,27.27167485,-1.293342131,2450.95183,2.668769914,0.220800975,0.433988122,0.243642455,0.243642455,1.096391046,20.93040962,68.98888381,7.827013857,0.015227653,0.011677418,0.5976,0.080682433,21461
C41a,SAR_EM_08,SAR_EM_08a,a,HE562,T12:02:00,2020,9,23,12,7.18982,54.79046,54.790459,17,25.18651527,0.480811717,716.5743377,1.97503359,0.11707989,0.082644628,2.327823691,30.99862259,32.92011019,29.58677686,3.367768595,0.447658402,0.151515152,0.004202721,0.5916,0.118707903,24536
C41b,SAR_EM_08,SAR_EM_08b,b,HE562,T12:02:00,2020,9,23,12,7.18982,54.79046,54.79046,17,25.18651527,0.480811717,716.5743377,1.97503359,0.11707989,0.082644628,2.327823691,30.99862259,32.92011019,29.58677686,3.367768595,0.447658402,0.151515152,0.004202721,0.5916,0.118707903,14211
C41c,SAR_EM_08,SAR_EM_08c,c,HE562,T12:02:00,2020,9,23,12,7.18982,54.79046,54.790461,17,25.18651527,0.480811717,716.5743377,1.97503359,0.11707989,0.082644628,2.327823691,30.99862259,32.92011019,29.58677686,3.367768595,0.447658402,0.151515152,0.004202721,0.5916,0.118707903,15322
C42a,SAR_EM_16,SAR_EM_16a,a,HE562,T13:25:00,2020,9,25,13,7.13705,54.83284,54.832839,17,26.45885437,0.687917535,620.7492271,1.755971097,0,0.177400694,3.170073274,47.82105669,21.65059776,19.83031238,5.993058234,1.357500964,0,0.003760282,0.5437,0.172147726,22431
C42b,SAR_EM_16,SAR_EM_16b,b,HE562,T13:25:00,2020,9,25,13,7.13705,54.83284,54.83284,17,26.45885437,0.687917535,620.7492271,1.755971097,0,0.177400694,3.170073274,47.82105669,21.65059776,19.83031238,5.993058234,1.357500964,0,0.003760282,0.5437,0.172147726,12728
C42c,SAR_EM_16,SAR_EM_16c,c,HE562,T13:25:00,2020,9,25,13,7.13705,54.83284,54.832841,17,26.45885437,0.687917535,620.7492271,1.755971097,0,0.177400694,3.170073274,47.82105669,21.65059776,19.83031238,5.993058234,1.357500964,0,0.003760282,0.5437,0.172147726,20896
C43b,SAR_EM_18,SAR_EM_18b,b,HE562,T15:16:00,2020,9,25,15,7.11908,54.83712,54.83712,17,25.57785206,0.929436779,525.063284,2.098808249,0.101398228,0.432276657,3.415519266,55.26203437,22.88397908,15.06564201,2.716405166,0.117408475,0.005336749,0.003490298,0.5322,0.170910306,20465
C44b,SAR_EM_22,SAR_EM_22b,b,HE562,T17:30:00,2020,9,25,17,7.13007,54.84166,54.84166,18,25.3221856,1.328800039,398.0992231,2.262243155,0.047798609,0.483297042,13.17648308,65.93552499,12.18333422,5.852674067,1.842901907,0.477986085,0,0.002453483,0.538,0.161885707,9493
C45a,SAR_EM_25,SAR_EM_25a,a,HE562,T19:34:00,2020,9,25,19,7.10357,54.85536,54.855359,18,25.195938,-0.139825715,1101.772008,1.601172972,0.234669932,0.41322314,0.81624324,20.82440567,14.17712478,41.34272013,19.64085297,2.458932762,0.091827365,0.005251386,0.5199,0.121055061,6324
C45b,SAR_EM_25,SAR_EM_25b,b,HE562,T19:34:00,2020,9,25,19,7.10357,54.85536,54.85536,18,25.195938,-0.139825715,1101.772008,1.601172972,0.234669932,0.41322314,0.81624324,20.82440567,14.17712478,41.34272013,19.64085297,2.458932762,0.091827365,0.005251386,0.5199,0.121055061,20288
C45c,SAR_EM_25,SAR_EM_25c,c,HE562,T19:34:00,2020,9,25,19,7.10357,54.85536,54.855361,18,25.195938,-0.139825715,1101.772008,1.601172972,0.234669932,0.41322314,0.81624324,20.82440567,14.17712478,41.34272013,19.64085297,2.458932762,0.091827365,0.005251386,0.5199,0.121055061,17786
C46a,SAR_EM_26,SAR_EM_26a,a,HE562,T08:03:00,2020,10,1,8,7.61379,54.67309,54.673089,18,20.22137878,-0.168547464,1123.926322,3.477950899,0.013110456,0.045886595,0.570304818,4.72631924,21.21927237,72.8548017,0.570304818,0,0,0.003736218,0.6601,0.489968939,9332
C46b,SAR_EM_26,SAR_EM_26b,b,HE562,T08:03:00,2020,10,1,8,7.61379,54.67309,54.67309,18,20.22137878,-0.168547464,1123.926322,3.477950899,0.013110456,0.045886595,0.570304818,4.72631924,21.21927237,72.8548017,0.570304818,0,0,0.003736218,0.6601,0.489968939,8977
C46c,SAR_EM_26,SAR_EM_26c,c,HE562,T08:03:00,2020,10,1,8,7.61379,54.67309,54.673091,18,20.22137878,-0.168547464,1123.926322,3.477950899,0.013110456,0.045886595,0.570304818,4.72631924,21.21927237,72.8548017,0.570304818,0,0,0.003736218,0.6601,0.489968939,17849
C47b,SAR_EM_28,SAR_EM_28b,b,HE562,T12:58:00,2020,10,1,12,7.59433,54.6821,54.6821,18,21.69735411,-0.5172621,1431.236515,5.167257338,0.182692308,0,0.211538462,0.192307692,0.798076923,95.91346154,1.5,1.201923077,0,0.004939,0.6558,0.476982198,12081
C48b,SAR_EM_30,SAR_EM_30b,b,HE562,T13:29:00,2020,10,1,13,7.57851,54.68594,54.68594,16,22.23686515,-0.593672565,1509.083427,3.675694113,0.292510199,0.069278731,0.200138557,0.431067662,3.302286198,81.15618505,14.10207066,0.446462936,0,0.006781913,0.6682,0.474425477,9965
C49b,SAR_EM_31,SAR_EM_31b,b,HE562,T14:05:00,2020,10,1,14,7.572,54.6885,54.6885,17,23.30196432,-0.577083856,1491.830736,4.643881553,0.150447925,0.061546878,0.075223962,0.191479177,2.386651166,87.58804623,9.143130685,0.403473979,0,0.006082328,0.6688,0.469183395,25795
C50b,SAR_EM_33,SAR_EM_33b,b,HE562,T14:42:00,2020,10,1,14,7.57284,54.69524,54.69524,18,21.66458261,-0.176515542,1130.150998,2.847642432,0.040018008,0.080036016,0,8.448801961,18.7884548,68.61087489,3.821719774,0.210094543,0,0.002801642,0.6688,0.452676449,15672
C51b,SAR_EM_36,SAR_EM_36b,b,HE562,T16:15:00,2020,10,1,16,7.5611,54.70203,54.70203,19,21.45126667,-0.970890108,1960.049525,3.064146807,0.033590863,0.047027209,0.188108834,0.369499496,3.103795768,48.08196171,44.62882096,3.547195163,0,0.00307908,0.6673,0.429316647,11180
C52b,SAR_EM_40,SAR_EM_40b,b,HE562,T17:06:00,2020,10,1,17,7.55298,54.70603,54.70603,17,21.65783807,-0.617031468,1533.716112,1.770198107,0.077807039,0.161599234,0.532678956,4.674407469,9.582236055,66.30955231,10.98874791,1.047402442,6.62556859,0.004859662,0.6542,0.426073316,15119
C54b,SAR_EM_43,SAR_EM_43b,b,HE562,T08:43:00,2020,10,2,8,7.54643,54.71344,54.71344,18,22.30532961,-0.78823672,1726.962457,0.853264383,0.466366295,0.395225674,2.371354043,19.04987748,24.08505257,12.93968856,7.272152399,15.72998182,17.69030116,0.002490885,0.6375,0.425746276,13575
C55a,SAR_EM_44,SAR_EM_44a,a,HE562,T07:00:00,2020,10,2,7,7.57132,54.71313,54.713129,18,19.46978555,-0.336628519,1262.802059,1.658968301,0.202789389,0.012415677,0.27728345,17.78338782,12.45706245,37.81401316,29.59897364,1.854074411,0,0.001987838,0.6626,0.403159426,14403
C55b,SAR_EM_44,SAR_EM_44b,b,HE562,T07:00:00,2020,10,2,7,7.57132,54.71313,54.71313,18,19.46978555,-0.336628519,1262.802059,1.658968301,0.202789389,0.012415677,0.27728345,17.78338782,12.45706245,37.81401316,29.59897364,1.854074411,0,0.001987838,0.6626,0.403159426,31381
C55c,SAR_EM_44,SAR_EM_44c,c,HE562,T07:00:00,2020,10,2,7,7.57132,54.71313,54.713131,18,19.46978555,-0.336628519,1262.802059,1.658968301,0.202789389,0.012415677,0.27728345,17.78338782,12.45706245,37.81401316,29.59897364,1.854074411,0,0.001987838,0.6626,0.403159426,23873
C56b,SAR_EM_45,SAR_EM_45b,b,HE562,T09:16:00,2020,10,2,9,7.56282,54.71472,54.71472,17,20.1325714,-1.031826421,2044.611047,3.336446591,0.104105667,0.039039625,0.07807925,0.32533021,2.810853016,40.0936951,55.35818856,1.177695361,0.013013208,0.005366169,0.6545,0.404769181,15987
C57b,SAR_EM_47,SAR_EM_47b,b,HE562,T10:32:00,2020,10,2,10,7.55237,54.71972,54.71972,17,21.97733858,-0.479031179,1393.807361,1.222064025,0.760942013,0.372139525,1.932903799,8.864696734,28.89913353,24.44456787,22.90046656,4.598978005,7.226171962,0.011780671,0.6296,0.416162952,18793
C59b,SAR_EM_49,SAR_EM_49b,b,HE562,T12:04:00,2020,10,2,12,7.55602,54.72506,54.72506,17,21.73282016,-0.628978714,1546.469858,1.189804248,0.393955747,0.685375067,3.475445224,9.946033459,9.266055046,45.21856449,16.47058824,5.423637345,9.120345386,0.002364859,0.6289,0.403406353,9508
C60a,SAR_EM_50,SAR_EM_50a,a,HE562,T13:02:00,2020,10,2,13,7.56093,54.72711,54.727109,17,20.76651862,-0.238863639,1180.0628,2.958073783,0.428018208,0.033969699,1.324818262,4.477206332,10.87709763,82.38331408,0.461987907,0,0.01358788,0.002398409,0.6421,0.395959508,23639
C60b,SAR_EM_50,SAR_EM_50b,b,HE562,T13:02:00,2020,10,2,13,7.56093,54.72711,54.72711,17,20.76651862,-0.238863639,1180.0628,2.958073783,0.428018208,0.033969699,1.324818262,4.477206332,10.87709763,82.38331408,0.461987907,0,0.01358788,0.002398409,0.6421,0.395959508,12149
C60c,SAR_EM_50,SAR_EM_50c,c,HE562,T13:02:00,2020,10,2,13,7.56093,54.72711,54.727111,17,20.76651862,-0.238863639,1180.0628,2.958073783,0.428018208,0.033969699,1.324818262,4.477206332,10.87709763,82.38331408,0.461987907,0,0.01358788,0.002398409,0.6421,0.395959508,41237
C61b,SAR_EM_54,SAR_EM_54b,b,HE562,T13:33:00,2020,9,30,13,7.46743,54.79083,54.79083,17,21.94429657,0.779640858,582.5117847,2.531059143,0.211324507,0.024861707,1.82112002,37.77736342,46.81459382,12.77270185,0.180247374,0.149170241,0.248617068,0.001962814,0.59,0.198218108,24557
C62a,SAR_EM_55,SAR_EM_55a,a,HE562,T14:37:00,2020,9,30,14,7.46908,54.78146,54.781459,17,21.60032469,0.67301347,627.1952465,3.212238341,0.161069021,0.035793116,2.249000776,20.56911054,67.91743721,8.918451351,0.107379347,0.041758635,0,0.002597121,0.5913,0.216138521,10740
C62b,SAR_EM_55,SAR_EM_55b,b,HE562,T14:37:00,2020,9,30,14,7.46908,54.78146,54.78146,17,21.60032469,0.67301347,627.1952465,3.212238341,0.161069021,0.035793116,2.249000776,20.56911054,67.91743721,8.918451351,0.107379347,0.041758635,0,0.002597121,0.5913,0.216138521,42781
C62c,SAR_EM_55,SAR_EM_55c,c,HE562,T14:37:00,2020,9,30,14,7.46908,54.78146,54.781461,17,21.60032469,0.67301347,627.1952465,3.212238341,0.161069021,0.035793116,2.249000776,20.56911054,67.91743721,8.918451351,0.107379347,0.041758635,0,0.002597121,0.5913,0.216138521,13785
C63b,SAR_EM_56,SAR_EM_56b,b,HE562,T16:15:00,2020,9,30,16,7.45229,54.78769,54.78769,17,22.3752883,1.006235106,497.8437398,2.067924437,0.056543318,1.011497141,9.524407866,45.41684991,27.03398882,16.82477854,0.125651819,0,0.006282591,0.002485988,0.6059,0.180346947,11073
C64a,SAR_EM_57,SAR_EM_57a,a,HE562,T17:03:00,2020,9,30,17,7.43775,54.78955,54.789549,17,23.51708782,-0.077545627,1055.221326,2.737618383,0.188256387,0,0.510981623,7.826086957,26.43657553,63.11071268,1.38054684,0.546839982,0,0.003203603,0.5957,0.161199288,12102
C64b,SAR_EM_57,SAR_EM_57b,b,HE562,T17:03:00,2020,9,30,17,7.43775,54.78955,54.78955,17,23.51708782,-0.077545627,1055.221326,2.737618383,0.188256387,0,0.510981623,7.826086957,26.43657553,63.11071268,1.38054684,0.546839982,0,0.003203603,0.5957,0.161199288,15278
C64c,SAR_EM_57,SAR_EM_57c,c,HE562,T17:03:00,2020,9,30,17,7.43775,54.78955,54.789551,17,23.51708782,-0.077545627,1055.221326,2.737618383,0.188256387,0,0.510981623,7.826086957,26.43657553,63.11071268,1.38054684,0.546839982,0,0.003203603,0.5957,0.161199288,10704
C65b,SAR_EM_59,SAR_EM_59b,b,HE562,T19:10:00,2020,9,30,19,7.42804,54.77733,54.77733,18,23.83869806,-0.751400593,1683.426337,2.945360006,0.369448237,0,0.514014939,0.417637138,1.003935427,70.80555779,23.94185206,2.947554413,0,0.002584047,0.5992,0.153841482,11494
C66b,SAR_EM_60,SAR_EM_60b,b,HE562,T21:50:00,2020,9,30,21,7.43928,54.76255,54.76255,18,22.86392889,0.594306526,662.3627632,2.771605444,0.109008799,0.046718057,1.448259752,24.20773962,56.06166783,17.82293857,0.280308339,0.023359028,0,0.002579955,0.6141,0.17290615,8678
C67b,SAR_EM_62,SAR_EM_62b,b,HE562,T14:55:00,2020,9,27,14,6.86891,54.90914,54.90914,18,33.1078198,-0.034922474,1024.501768,1.539690749,0.800457404,0.095292548,5.526967791,14.61787688,9.767486183,61.34934248,4.021345531,2.29655041,1.52468077,0.003549779,0.4644,0.130810441,13682
C68a,SAR_EM_63,SAR_EM_63a,a,HE562,T17:37:00,2020,9,27,17,6.87142,54.91733,54.917329,18,34.55125704,-0.324076644,1251.862963,1.088771886,2.138053547,2.626570232,8.457048598,6.318995051,1.103920822,50.06344373,20.99987311,5.722624032,2.569470879,0.005811973,0.4621,0.147360097,13524
C68b,SAR_EM_63,SAR_EM_63b,b,HE562,T17:37:00,2020,9,27,17,6.87142,54.91733,54.91733,18,34.55125704,-0.324076644,1251.862963,1.088771886,2.138053547,2.626570232,8.457048598,6.318995051,1.103920822,50.06344373,20.99987311,5.722624032,2.569470879,0.005811973,0.4621,0.147360097,12634
C68c,SAR_EM_63,SAR_EM_63c,c,HE562,T17:37:00,2020,9,27,17,6.87142,54.91733,54.917331,18,34.55125704,-0.324076644,1251.862963,1.088771886,2.138053547,2.626570232,8.457048598,6.318995051,1.103920822,50.06344373,20.99987311,5.722624032,2.569470879,0.005811973,0.4621,0.147360097,23070
C69a,SAR_EM_64,SAR_EM_64a,a,HE562,T19:22:00,2020,9,27,19,6.85811,54.93578,54.935779,18,36.13878402,-0.673844948,1595.319015,1.235801693,0.992315153,1.03708125,6.259792584,6.438856972,5.215250317,26.8223532,46.74326643,5.095874058,1.395210028,0.005696744,0.4475,0.120599611,30060
C69b,SAR_EM_64,SAR_EM_64b,b,HE562,T19:22:00,2020,9,27,19,6.85811,54.93578,54.93578,18,36.13878402,-0.673844948,1595.319015,1.235801693,0.992315153,1.03708125,6.259792584,6.438856972,5.215250317,26.8223532,46.74326643,5.095874058,1.395210028,0.005696744,0.4475,0.120599611,9330
C69c,SAR_EM_64,SAR_EM_64c,c,HE562,T19:22:00,2020,9,27,19,6.85811,54.93578,54.935781,18,36.13878402,-0.673844948,1595.319015,1.235801693,0.992315153,1.03708125,6.259792584,6.438856972,5.215250317,26.8223532,46.74326643,5.095874058,1.395210028,0.005696744,0.4475,0.120599611,27819
C70b,SAR_EM_65,SAR_EM_65b,b,HE562,T18:26:00,2020,9,27,18,6.87118,54.92842,54.92842,18,34.83605607,-0.361213612,1284.505985,1.74284813,0.310412309,1.484580606,2.80045887,7.557864903,5.17578784,61.92725555,19.3872731,1.356366826,0,0.020024138,0.4608,0.146352947,13417
C71a,SAR_EM_66,SAR_EM_66a,a,HE562,T16:25:00,2020,9,27,16,6.8448,54.91289,54.912889,16,34.16981467,-1.188075925,2278.486661,1.147062602,0.813749105,2.356617408,5.611613827,3.723715904,0.716099212,1.725148102,68.97337413,15.52633292,0.553349391,0.004670181,0.4579,0.092106584,12373
C71b,SAR_EM_66,SAR_EM_66b,b,HE562,T16:25:00,2020,9,27,16,6.8448,54.91289,54.91289,16,34.16981467,-1.188075925,2278.486661,1.147062602,0.813749105,2.356617408,5.611613827,3.723715904,0.716099212,1.725148102,68.97337413,15.52633292,0.553349391,0.004670181,0.4579,0.092106584,49375
C71c,SAR_EM_66,SAR_EM_66c,c,HE562,T16:25:00,2020,9,27,16,6.8448,54.91289,54.912891,16,34.16981467,-1.188075925,2278.486661,1.147062602,0.813749105,2.356617408,5.611613827,3.723715904,0.716099212,1.725148102,68.97337413,15.52633292,0.553349391,0.004670181,0.4579,0.092106584,9115
C72a,SAR_EM_67,SAR_EM_67a,a,HE562,T14:03:00,2020,9,27,14,6.86639,54.89976,54.899759,19,33.19002758,-0.631975755,1549.685819,1.803358618,0.618591645,0.042369291,0.660960936,3.745445301,6.923142107,67.58749259,12.41420219,3.864079315,4.143716634,0.004801414,0.4713,0.119315631,13350
C72b,SAR_EM_67,SAR_EM_67b,b,HE562,T14:03:00,2020,9,27,14,6.86639,54.89976,54.89976,19,33.19002758,-0.631975755,1549.685819,1.803358618,0.618591645,0.042369291,0.660960936,3.745445301,6.923142107,67.58749259,12.41420219,3.864079315,4.143716634,0.004801414,0.4713,0.119315631,10347
C72c,SAR_EM_67,SAR_EM_67c,c,HE562,T14:03:00,2020,9,27,14,6.86639,54.89976,54.899761,19,33.19002758,-0.631975755,1549.685819,1.803358618,0.618591645,0.042369291,0.660960936,3.745445301,6.923142107,67.58749259,12.41420219,3.864079315,4.143716634,0.004801414,0.4713,0.119315631,12866
C73a,SAR_EM_68,SAR_EM_68a,a,HE562,T20:24:00,2020,9,30,20,7.41586,54.76568,54.765679,18,24.28194717,-1.177111755,2261.236289,1.417662484,0.226341225,0.550559736,0.758548969,0.831956934,3.615342265,52.38881752,20.00978773,8.637670521,12.9809751,0.005480936,0.6053,0.162404753,9994
C73b,SAR_EM_68,SAR_EM_68b,b,HE562,T20:24:00,2020,9,30,20,7.41586,54.76568,54.76568,18,24.28194717,-1.177111755,2261.236289,1.417662484,0.226341225,0.550559736,0.758548969,0.831956934,3.615342265,52.38881752,20.00978773,8.637670521,12.9809751,0.005480936,0.6053,0.162404753,15175
C73c,SAR_EM_68,SAR_EM_68c,c,HE562,T20:24:00,2020,9,30,20,7.41586,54.76568,54.765681,18,24.28194717,-1.177111755,2261.236289,1.417662484,0.226341225,0.550559736,0.758548969,0.831956934,3.615342265,52.38881752,20.00978773,8.637670521,12.9809751,0.005480936,0.6053,0.162404753,17185
C74a,SAR_EM_69,SAR_EM_69a,a,HE562,T09:03:00,2020,9,27,9,6.93148,54.85905,54.859049,18,32.46179556,2.031636532,244.5774786,2.503370761,2.793539939,0.866745651,49.04283844,43.44952298,2.338342583,1.153582341,0.106004864,0.249423209,0,0.001610903,0.5325,0.171337161,29996
C74b,SAR_EM_69,SAR_EM_69b,b,HE562,T09:03:00,2020,9,27,9,6.93148,54.85905,54.85905,18,32.46179556,2.031636532,244.5774786,2.503370761,2.793539939,0.866745651,49.04283844,43.44952298,2.338342583,1.153582341,0.106004864,0.249423209,0,0.001610903,0.5325,0.171337161,10697
C74c,SAR_EM_69,SAR_EM_69c,c,HE562,T09:03:00,2020,9,27,9,6.93148,54.85905,54.859051,18,32.46179556,2.031636532,244.5774786,2.503370761,2.793539939,0.866745651,49.04283844,43.44952298,2.338342583,1.153582341,0.106004864,0.249423209,0,0.001610903,0.5325,0.171337161,22011
C75a,SAR_EM_71,SAR_EM_71a,a,HE562,T12:00:00,2020,9,26,12,6.91828,54.84144,54.841439,17,31.17387075,-0.76309415,1697.126554,1.328241616,0.66535126,0.936080393,3.707612536,10.49419538,2.074060478,22.4613408,53.76955903,5.689900427,0.201899693,0.004299985,0.5492,0.10698919,8521
C75b,SAR_EM_71,SAR_EM_71b,b,HE562,T12:00:00,2020,9,26,12,6.91828,54.84144,54.84144,17,31.17387075,-0.76309415,1697.126554,1.328241616,0.66535126,0.936080393,3.707612536,10.49419538,2.074060478,22.4613408,53.76955903,5.689900427,0.201899693,0.004299985,0.5492,0.10698919,11735
C75c,SAR_EM_71,SAR_EM_71c,c,HE562,T12:00:00,2020,9,26,12,6.91828,54.84144,54.841441,17,31.17387075,-0.76309415,1697.126554,1.328241616,0.66535126,0.936080393,3.707612536,10.49419538,2.074060478,22.4613408,53.76955903,5.689900427,0.201899693,0.004299985,0.5492,0.10698919,15321
C76b,SAR_EM_72,SAR_EM_72b,b,HE562,T14:49:00,2020,9,26,14,6.92629,54.84859,54.84859,17,32.38243922,-0.67066379,1591.805196,0.885930647,1.093781649,1.164674904,7.145027345,17.92080211,3.362365809,22.18958882,25.07595706,11.52015394,10.52764837,0.010499103,0.5413,0.137020306,22938
C77b,SAR_EM_73,SAR_EM_73b,b,HE562,T07:45:00,2020,9,25,7,7.12019,54.77423,54.77423,18,28.9250563,-1.059230621,2083.819939,1.787185826,0.289174804,0.913624743,0.9303885,2.271489041,3.742508696,31.30212481,50.43795315,9.295503122,0.817233142,0.006267334,0.5929,0.034673766,19247
C78b,SAR_EM_74,SAR_EM_74b,b,HE562,T16:23:00,2020,9,23,16,7.13614,54.78013,54.78013,18,27.50924825,-1.448305986,2728.874384,2.168702501,0.517297123,0.247871538,0.247871538,0.204763444,0.797499731,18.81668283,59.71548658,18.13773036,1.314796853,0.011969832,0.5957,0.049907471,34160
C79b,SAS06,SAS06b,b,HE562,T04:13:00,2020,10,4,4,7.97434,54.55491,54.55491,16,10.20445557,1.155289496,448.9760844,3.077974896,0,0.05154344,5.452150507,59.97938262,29.6947483,4.701907107,0.108813928,0.011454098,0,0.003745427,1.025,1.147048837,40384
C80b,SAS07,SAS07b,b,HE562,T00:45:00,2020,10,4,0,7.87209,54.59281,54.59281,16,16.31782208,2.161386723,223.5412958,3.387532966,1.237947863,0.874895846,64.51612903,30.92488989,2.005713606,0.416617069,0.02380669,0,0,0.00317769,0.7678,1.032441889,20236
C81b,SAS08,SAS08b,b,HE562,T23:55:00,2020,10,3,23,7.89494,54.62844,54.62844,17.5,12.71248552,1.995151388,250.8416139,3.885236064,0.157086339,0.331626716,51.2974168,45.65394461,2.141028625,0.418896905,0,0,0,0.00262901,0.6478,0.733488136,10386
C82b,SAS09,SAS09b,b,HE562,T23:14:00,2020,10,3,23,7.9316,54.63334,54.63334,16,12.09715685,1.872147537,273.1664981,3.578194021,0.275955111,0.147176059,40.06868216,54.85374379,4.317164408,0.331146134,0.006132336,0,0,0.002717852,0.6568,1.0935498,8390
C83b,SAS10,SAS10b,b,HE562,T21:24:00,2020,10,3,21,7.88154,54.65704,54.65704,16,13.37942403,1.181342248,440.9410664,2.546174039,0.471375352,0.015205657,9.09298259,54.77077473,29.38493119,5.968220178,0.296510302,0,0,0.002740106,0.6586,0.605512887,15013
G02,SAR_EM_17,SAR_EM_17a,a,HE562,T14:25:00,2020,9,25,14,7.125,54.83552,54.835519,17,25.77346467,0.357115244,780.7241253,1.543945891,0.089402789,0.137084277,1.251639051,38.07962808,23.24472524,22.84539278,10.84157826,3.063535582,0.447013947,0.005336246,0.5383,0.178974208,23546
G03,SAR_EM_17,SAR_EM_17b,b,HE562,T14:25:00,2020,9,25,14,7.125,54.83552,54.83552,17,25.77346467,0.357115244,780.7241253,1.543945891,0.089402789,0.137084277,1.251639051,38.07962808,23.24472524,22.84539278,10.84157826,3.063535582,0.447013947,0.005336246,0.5383,0.178974208,14767
G04,SAR_EM_17,SAR_EM_17c,c,HE562,T14:25:00,2020,9,25,14,7.125,54.83552,54.835521,17,25.77346467,0.357115244,780.7241253,1.543945891,0.089402789,0.137084277,1.251639051,38.07962808,23.24472524,22.84539278,10.84157826,3.063535582,0.447013947,0.005336246,0.5383,0.178974208,35478
G05,SAR_EM_18,SAR_EM_18a,a,HE562,T15:16:00,2020,9,25,15,7.11908,54.83712,54.837119,17,25.57785206,0.929436779,525.063284,2.098808249,0.101398228,0.432276657,3.415519266,55.26203437,22.88397908,15.06564201,2.716405166,0.117408475,0.005336749,0.003490298,0.5322,0.170910306,11874
G06,SAR_EM_18,SAR_EM_18c,c,HE562,T15:16:00,2020,9,25,15,7.11908,54.83712,54.837121,17,25.57785206,0.929436779,525.063284,2.098808249,0.101398228,0.432276657,3.415519266,55.26203437,22.88397908,15.06564201,2.716405166,0.117408475,0.005336749,0.003490298,0.5322,0.170910306,11345
G07,SAR_EM_20,SAR_EM_20a,a,HE562,T16:44:00,2020,9,25,16,7.13423,54.83823,54.838229,17,25.9172076,0.973481992,509.2754253,2.150150931,0.32570123,0.009722425,2.518108016,59.56929658,22.5268582,12.08011278,2.508385591,0.345146079,0.116669097,0.003393565,0.5405,0.166398281,12537
G08,SAR_EM_20,SAR_EM_20b,b,HE562,T16:44:00,2020,9,25,16,7.13423,54.83823,54.83823,17,25.9172076,0.973481992,509.2754253,2.150150931,0.32570123,0.009722425,2.518108016,59.56929658,22.5268582,12.08011278,2.508385591,0.345146079,0.116669097,0.003393565,0.5405,0.166398281,21107
G09,SAR_EM_20,SAR_EM_20c,c,HE562,T16:44:00,2020,9,25,16,7.13423,54.83823,54.838231,17,25.9172076,0.973481992,509.2754253,2.150150931,0.32570123,0.009722425,2.518108016,59.56929658,22.5268582,12.08011278,2.508385591,0.345146079,0.116669097,0.003393565,0.5405,0.166398281,17944
G10,SAR_EM_22,SAR_EM_22a,a,HE562,T17:30:00,2020,9,25,17,7.13007,54.84166,54.841659,18,25.3221856,1.328800039,398.0992231,2.262243155,0.047798609,0.483297042,13.17648308,65.93552499,12.18333422,5.852674067,1.842901907,0.477986085,0,0.002453483,0.538,0.161885707,16101
G11,SAR_EM_22,SAR_EM_22c,c,HE562,T17:30:00,2020,9,25,17,7.13007,54.84166,54.841661,18,25.3221856,1.328800039,398.0992231,2.262243155,0.047798609,0.483297042,13.17648308,65.93552499,12.18333422,5.852674067,1.842901907,0.477986085,0,0.002453483,0.538,0.161885707,21340
G12,SAR_EM_52,SAR_EM_52a,a,HE562,T18:37:00,2020,9,25,18,7.11311,54.8583,54.858299,18,25.26340473,-0.221841035,1166.220861,2.321276226,0.02335721,0.031142946,0.218000623,10.81438804,17.08190595,60.81438804,10.15260044,0.864216755,0,0.009852296,0.5238,0.117927336,12274
G13,SAR_EM_52,SAR_EM_52b,b,HE562,T18:37:00,2020,9,25,18,7.11311,54.8583,54.8583,18,25.26340473,-0.221841035,1166.220861,2.321276226,0.02335721,0.031142946,0.218000623,10.81438804,17.08190595,60.81438804,10.15260044,0.864216755,0,0.009852296,0.5238,0.117927336,14467
G14,SAR_EM_52,SAR_EM_52c,c,HE562,T18:37:00,2020,9,25,18,7.11311,54.8583,54.858301,18,25.26340473,-0.221841035,1166.220861,2.321276226,0.02335721,0.031142946,0.218000623,10.81438804,17.08190595,60.81438804,10.15260044,0.864216755,0,0.009852296,0.5238,0.117927336,11791
G15,SAR_EM_83,SAR_EM_83a,a,HE562,T20:41:00,2020,9,25,20,7.09701,54.85135,54.851349,17,25.90163675,-0.393495789,1313.572463,2.476286535,0.372498264,0.02525412,0.486141802,6.654460509,6.736536397,73.95668918,10.62567081,1.142748911,0,0.009256267,0.5163,0.118066507,11042
G16,SAR_EM_83,SAR_EM_83b,b,HE562,T20:41:00,2020,9,25,20,7.09701,54.85135,54.85135,17,25.90163675,-0.393495789,1313.572463,2.476286535,0.372498264,0.02525412,0.486141802,6.654460509,6.736536397,73.95668918,10.62567081,1.142748911,0,0.009256267,0.5163,0.118066507,15264
G17,SAR_EM_83,SAR_EM_83c,c,HE562,T20:41:00,2020,9,25,20,7.09701,54.85135,54.851351,17,25.90163675,-0.393495789,1313.572463,2.476286535,0.372498264,0.02525412,0.486141802,6.654460509,6.736536397,73.95668918,10.62567081,1.142748911,0,0.009256267,0.5163,0.118066507,24107
G18,SAR10,SAR10a,a,HE562,T06:29:00,2020,9,26,6,6.91541,54.80789,54.807889,17,33.2112978,-0.616513324,1533.165377,1.049174237,1.460957179,1.475350846,6.570708888,5.102554876,10.75206909,37.32997481,19.05721483,12.46491544,5.786254048,0.00834436,0.58,0.061257028,13425
G19,SAR10,SAR10c,c,HE562,T06:29:00,2020,9,26,6,6.91541,54.80789,54.807891,17,33.2112978,-0.616513324,1533.165377,1.049174237,1.460957179,1.475350846,6.570708888,5.102554876,10.75206909,37.32997481,19.05721483,12.46491544,5.786254048,0.00834436,0.58,0.061257028,9615
G20,SAR_EM_65,SAR_EM_65a,a,HE562,T18:26:00,2020,9,27,18,6.87118,54.92842,54.928419,18,34.83605607,-0.361213612,1284.505985,1.74284813,0.310412309,1.484580606,2.80045887,7.557864903,5.17578784,61.92725555,19.3872731,1.356366826,0,0.020024138,0.4608,0.146352947,34209
G21,SAR_EM_65,SAR_EM_65c,c,HE562,T18:26:00,2020,9,27,18,6.87118,54.92842,54.928421,18,34.83605607,-0.361213612,1284.505985,1.74284813,0.310412309,1.484580606,2.80045887,7.557864903,5.17578784,61.92725555,19.3872731,1.356366826,0,0.020024138,0.4608,0.146352947,7611
G22,SAR_EM_54,SAR_EM_54a,a,HE562,T13:33:00,2020,9,30,13,7.46743,54.79083,54.790829,17,21.94429657,0.779640858,582.5117847,2.531059143,0.211324507,0.024861707,1.82112002,37.77736342,46.81459382,12.77270185,0.180247374,0.149170241,0.248617068,0.001962814,0.59,0.198218108,36682
G23,SAR_EM_54,SAR_EM_54c,c,HE562,T13:33:00,2020,9,30,13,7.46743,54.79083,54.790831,17,21.94429657,0.779640858,582.5117847,2.531059143,0.211324507,0.024861707,1.82112002,37.77736342,46.81459382,12.77270185,0.180247374,0.149170241,0.248617068,0.001962814,0.59,0.198218108,9585
G24,SAR_EM_56,SAR_EM_56a,a,HE562,T16:15:00,2020,9,30,16,7.45229,54.78769,54.787689,17,22.3752883,1.006235106,497.8437398,2.067924437,0.056543318,1.011497141,9.524407866,45.41684991,27.03398882,16.82477854,0.125651819,0,0.006282591,0.002485988,0.6059,0.180346947,27710
G25,SAR_EM_56,SAR_EM_56c,c,HE562,T16:15:00,2020,9,30,16,7.45229,54.78769,54.787691,17,22.3752883,1.006235106,497.8437398,2.067924437,0.056543318,1.011497141,9.524407866,45.41684991,27.03398882,16.82477854,0.125651819,0,0.006282591,0.002485988,0.6059,0.180346947,35970
G28,SAR_EM_40,SAR_EM_40a,a,HE562,T17:06:00,2020,10,1,17,7.55298,54.70603,54.706029,17,21.65783807,-0.617031468,1533.716112,1.770198107,0.077807039,0.161599234,0.532678956,4.674407469,9.582236055,66.30955231,10.98874791,1.047402442,6.62556859,0.004859662,0.6542,0.426073316,4204
G29,SAR_EM_40,SAR_EM_40c,c,HE562,T17:06:00,2020,10,1,17,7.55298,54.70603,54.706031,17,21.65783807,-0.617031468,1533.716112,1.770198107,0.077807039,0.161599234,0.532678956,4.674407469,9.582236055,66.30955231,10.98874791,1.047402442,6.62556859,0.004859662,0.6542,0.426073316,6732
G30,SAR_EM_60,SAR_EM_60a,a,HE562,T21:50:00,2020,9,30,21,7.43928,54.76255,54.762549,18,22.86392889,0.594306526,662.3627632,2.771605444,0.109008799,0.046718057,1.448259752,24.20773962,56.06166783,17.82293857,0.280308339,0.023359028,0,0.002579955,0.6141,0.17290615,35473
G31,SAR_EM_60,SAR_EM_60c,c,HE562,T21:50:00,2020,9,30,21,7.43928,54.76255,54.762551,18,22.86392889,0.594306526,662.3627632,2.771605444,0.109008799,0.046718057,1.448259752,24.20773962,56.06166783,17.82293857,0.280308339,0.023359028,0,0.002579955,0.6141,0.17290615,11988
G34,SAR_EM_58,SAR_EM_58a,a,HE562,T17:59:00,2020,9,30,17,7.42878,54.78437,54.784369,17,24.6577937,-0.565063921,1479.453058,1.531432028,0.142713674,0.58142608,2.605845975,6.369258417,6.337544268,62.2231619,13.67408425,2.087848195,5.978117237,0.002530455,0.5981,0.15584021,15854
G35,SAR_EM_58,SAR_EM_58b,b,HE562,T17:59:00,2020,9,30,17,7.42878,54.78437,54.78437,17,24.6577937,-0.565063921,1479.453058,1.531432028,0.142713674,0.58142608,2.605845975,6.369258417,6.337544268,62.2231619,13.67408425,2.087848195,5.978117237,0.002530455,0.5981,0.15584021,11302
G36,SAR_EM_58,SAR_EM_58c,c,HE562,T17:59:00,2020,9,30,17,7.42878,54.78437,54.784371,17,24.6577937,-0.565063921,1479.453058,1.531432028,0.142713674,0.58142608,2.605845975,6.369258417,6.337544268,62.2231619,13.67408425,2.087848195,5.978117237,0.002530455,0.5981,0.15584021,5467
G37,SAR_EM_59,SAR_EM_59a,a,HE562,T19:10:00,2020,9,30,19,7.42804,54.77733,54.777329,18,23.83869806,-0.751400593,1683.426337,2.945360006,0.369448237,0,0.514014939,0.417637138,1.003935427,70.80555779,23.94185206,2.947554413,0,0.002584047,0.5992,0.153841482,2135
G38,SAR_EM_59,SAR_EM_59c,c,HE562,T19:10:00,2020,9,30,19,7.42804,54.77733,54.777331,18,23.83869806,-0.751400593,1683.426337,2.945360006,0.369448237,0,0.514014939,0.417637138,1.003935427,70.80555779,23.94185206,2.947554413,0,0.002584047,0.5992,0.153841482,7242
G39,SAR_EM_28,SAR_EM_28a,a,HE562,T12:58:00,2020,10,1,12,7.59433,54.6821,54.682099,18,21.69735411,-0.5172621,1431.236515,5.167257338,0.182692308,0,0.211538462,0.192307692,0.798076923,95.91346154,1.5,1.201923077,0,0.004939,0.6558,0.476982198,21969
G40,SAR_EM_28,SAR_EM_28c,c,HE562,T12:58:00,2020,10,1,12,7.59433,54.6821,54.682101,18,21.69735411,-0.5172621,1431.236515,5.167257338,0.182692308,0,0.211538462,0.192307692,0.798076923,95.91346154,1.5,1.201923077,0,0.004939,0.6558,0.476982198,16859
G41,SAR_EM_30,SAR_EM_30a,a,HE562,T13:29:00,2020,10,1,13,7.57851,54.68594,54.685939,16,22.23686515,-0.593672565,1509.083427,3.675694113,0.292510199,0.069278731,0.200138557,0.431067662,3.302286198,81.15618505,14.10207066,0.446462936,0,0.006781913,0.6682,0.474425477,16802
G42,SAR_EM_30,SAR_EM_30c,c,HE562,T13:29:00,2020,10,1,13,7.57851,54.68594,54.685941,16,22.23686515,-0.593672565,1509.083427,3.675694113,0.292510199,0.069278731,0.200138557,0.431067662,3.302286198,81.15618505,14.10207066,0.446462936,0,0.006781913,0.6682,0.474425477,11471
G43,SAR_EM_31,SAR_EM_31a,a,HE562,T14:05:00,2020,10,1,14,7.572,54.6885,54.688499,17,23.30196432,-0.577083856,1491.830736,4.643881553,0.150447925,0.061546878,0.075223962,0.191479177,2.386651166,87.58804623,9.143130685,0.403473979,0,0.006082328,0.6688,0.469183395,12810
G44,SAR_EM_31,SAR_EM_31c,c,HE562,T14:05:00,2020,10,1,14,7.572,54.6885,54.688501,17,23.30196432,-0.577083856,1491.830736,4.643881553,0.150447925,0.061546878,0.075223962,0.191479177,2.386651166,87.58804623,9.143130685,0.403473979,0,0.006082328,0.6688,0.469183395,22490
G45,SAR_EM_33,SAR_EM_33a,a,HE562,T14:42:00,2020,10,1,14,7.57284,54.69524,54.695239,18,21.66458261,-0.176515542,1130.150998,2.847642432,0.040018008,0.080036016,0,8.448801961,18.7884548,68.61087489,3.821719774,0.210094543,0,0.002801642,0.6688,0.452676449,5583
G46,SAR_EM_33,SAR_EM_33c,c,HE562,T14:42:00,2020,10,1,14,7.57284,54.69524,54.695241,18,21.66458261,-0.176515542,1130.150998,2.847642432,0.040018008,0.080036016,0,8.448801961,18.7884548,68.61087489,3.821719774,0.210094543,0,0.002801642,0.6688,0.452676449,9880
G47,SAR_EM_36,SAR_EM_36a,a,HE562,T16:15:00,2020,10,1,16,7.5611,54.70203,54.702029,19,21.45126667,-0.970890108,1960.049525,3.064146807,0.033590863,0.047027209,0.188108834,0.369499496,3.103795768,48.08196171,44.62882096,3.547195163,0,0.00307908,0.6673,0.429316647,9589
G48,SAR_EM_36,SAR_EM_36c,c,HE562,T16:15:00,2020,10,1,16,7.5611,54.70203,54.702031,19,21.45126667,-0.970890108,1960.049525,3.064146807,0.033590863,0.047027209,0.188108834,0.369499496,3.103795768,48.08196171,44.62882096,3.547195163,0,0.00307908,0.6673,0.429316647,28936
G49,SAS06,SAS06a,a,HE562,T04:13:00,2020,10,4,4,7.97434,54.55491,54.554909,16,10.20445557,1.155289496,448.9760844,3.077974896,0,0.05154344,5.452150507,59.97938262,29.6947483,4.701907107,0.108813928,0.011454098,0,0.003745427,1.025,1.147048837,12203
G50,SAS06,SAS06c,c,HE562,T04:13:00,2020,10,4,4,7.97434,54.55491,54.554911,16,10.20445557,1.155289496,448.9760844,3.077974896,0,0.05154344,5.452150507,59.97938262,29.6947483,4.701907107,0.108813928,0.011454098,0,0.003745427,1.025,1.147048837,22084
G51,585,585a,a,HE562,T02:38:00,2020,10,4,2,7.92808,54.58366,54.583659,16,12.05843567,1.489407244,356.1588528,3.131669338,0.395787688,0.501802248,14.01512474,69.53141565,14.04339529,1.364053997,0.148420383,0,0,0.002797684,0.8144,0.903797176,12912
G52,585,585c,c,HE562,T02:38:00,2020,10,4,2,7.92808,54.58366,54.583661,16,12.05843567,1.489407244,356.1588528,3.131669338,0.395787688,0.501802248,14.01512474,69.53141565,14.04339529,1.364053997,0.148420383,0,0,0.002797684,0.8144,0.903797176,19497
G53,506,506a,a,HE562,T02:07:00,2020,10,4,2,7.91666,54.58328,54.583279,16,12.00517875,1.285634613,410.1903302,2.946556522,0.049654898,0.099309797,9.33512091,64.36267938,22.02691295,3.798599732,0.32772233,0,0,0.001656239,0.7983,0.922951704,14385
G54,506,506c,c,HE562,T02:07:00,2020,10,4,2,7.91666,54.58328,54.583281,16,12.00517875,1.285634613,410.1903302,2.946556522,0.049654898,0.099309797,9.33512091,64.36267938,22.02691295,3.798599732,0.32772233,0,0,0.001656239,0.7983,0.922951704,24393
G55,507,507a,a,HE562,T01:27:00,2020,10,4,1,7.91639,54.60025,54.600249,16.5,12.26505157,0.878007847,544.1182611,2.172568909,0.067985167,0.037082818,5.550061805,45.90852905,30.407911,16.42150803,1.606922126,0,0,0.001258468,0.7279,0.951483774,24231
G56,507,507c,c,HE562,T01:27:00,2020,10,4,1,7.91639,54.60025,54.600251,16.5,12.26505157,0.878007847,544.1182611,2.172568909,0.067985167,0.037082818,5.550061805,45.90852905,30.407911,16.42150803,1.606922126,0,0,0.001258468,0.7279,0.951483774,23222
G59,SAS08,SAS08a,a,HE562,T23:55:00,2020,10,3,23,7.89494,54.62844,54.628439,17.5,12.71248552,1.995151388,250.8416139,3.885236064,0.157086339,0.331626716,51.2974168,45.65394461,2.141028625,0.418896905,0,0,0,0.00262901,0.6478,0.733488136,13357
G60,SAS08,SAS08c,c,HE562,T23:55:00,2020,10,3,23,7.89494,54.62844,54.628441,17.5,12.71248552,1.995151388,250.8416139,3.885236064,0.157086339,0.331626716,51.2974168,45.65394461,2.141028625,0.418896905,0,0,0,0.00262901,0.6478,0.733488136,11977
G61,SAS09,SAS09a,a,HE562,T23:14:00,2020,10,3,23,7.9316,54.63334,54.633339,16,12.09715685,1.872147537,273.1664981,3.578194021,0.275955111,0.147176059,40.06868216,54.85374379,4.317164408,0.331146134,0.006132336,0,0,0.002717852,0.6568,1.0935498,11220
G62,SAS09,SAS09c,c,HE562,T23:14:00,2020,10,3,23,7.9316,54.63334,54.633341,16,12.09715685,1.872147537,273.1664981,3.578194021,0.275955111,0.147176059,40.06868216,54.85374379,4.317164408,0.331146134,0.006132336,0,0,0.002717852,0.6568,1.0935498,8506
G63,SAR_EM_42,SAR_EM_42a,a,HE562,T06:13:00,2020,10,2,6,7.58036,54.71114,54.711139,18,18.9774166,-0.86846672,1825.721513,2.0125594,0.129475846,0.098223056,0.464327172,3.58514153,9.545495133,36.52111796,43.95481739,5.29958032,0.401821591,0.002830469,0.6703,0.411230709,25895
G64,SAR_EM_42,SAR_EM_42b,b,HE562,T06:13:00,2020,10,2,6,7.58036,54.71114,54.71114,18,18.9774166,-0.86846672,1825.721513,2.0125594,0.129475846,0.098223056,0.464327172,3.58514153,9.545495133,36.52111796,43.95481739,5.29958032,0.401821591,0.002830469,0.6703,0.411230709,23887
G65,SAR_EM_42,SAR_EM_42c,c,HE562,T06:13:00,2020,10,2,6,7.58036,54.71114,54.711141,18,18.9774166,-0.86846672,1825.721513,2.0125594,0.129475846,0.098223056,0.464327172,3.58514153,9.545495133,36.52111796,43.95481739,5.29958032,0.401821591,0.002830469,0.6703,0.411230709,8292
G67,SAR_EM_43,SAR_EM_43c,c,HE562,T08:43:00,2020,10,2,8,7.54643,54.71344,54.713441,18,22.30532961,-0.78823672,1726.962457,0.853264383,0.466366295,0.395225674,2.371354043,19.04987748,24.08505257,12.93968856,7.272152399,15.72998182,17.69030116,0.002490885,0.6375,0.425746276,10664
G68,SAR_EM_45,SAR_EM_45a,a,HE562,T09:16:00,2020,10,2,9,7.56282,54.71472,54.714719,17,20.1325714,-1.031826421,2044.611047,3.336446591,0.104105667,0.039039625,0.07807925,0.32533021,2.810853016,40.0936951,55.35818856,1.177695361,0.013013208,0.005366169,0.6545,0.404769181,5557
G69,SAR_EM_45,SAR_EM_45c,c,HE562,T09:16:00,2020,10,2,9,7.56282,54.71472,54.714721,17,20.1325714,-1.031826421,2044.611047,3.336446591,0.104105667,0.039039625,0.07807925,0.32533021,2.810853016,40.0936951,55.35818856,1.177695361,0.013013208,0.005366169,0.6545,0.404769181,15209
G70,SAR_EM_47,SAR_EM_47a,a,HE562,T10:32:00,2020,10,2,10,7.55237,54.71972,54.719719,17,21.97733858,-0.479031179,1393.807361,1.222064025,0.760942013,0.372139525,1.932903799,8.864696734,28.89913353,24.44456787,22.90046656,4.598978005,7.226171962,0.011780671,0.6296,0.416162952,100779
G71,SAR_EM_47,SAR_EM_47c,c,HE562,T10:32:00,2020,10,2,10,7.55237,54.71972,54.719721,17,21.97733858,-0.479031179,1393.807361,1.222064025,0.760942013,0.372139525,1.932903799,8.864696734,28.89913353,24.44456787,22.90046656,4.598978005,7.226171962,0.011780671,0.6296,0.416162952,18110
G74,SAR_EM_49,SAR_EM_49a,a,HE562,T12:04:00,2020,10,2,12,7.55602,54.72506,54.725059,17,21.73282016,-0.628978714,1546.469858,1.189804248,0.393955747,0.685375067,3.475445224,9.946033459,9.266055046,45.21856449,16.47058824,5.423637345,9.120345386,0.002364859,0.6289,0.403406353,52389
G75,SAR_EM_49,SAR_EM_49c,c,HE562,T12:04:00,2020,10,2,12,7.55602,54.72506,54.725061,17,21.73282016,-0.628978714,1546.469858,1.189804248,0.393955747,0.685375067,3.475445224,9.946033459,9.266055046,45.21856449,16.47058824,5.423637345,9.120345386,0.002364859,0.6289,0.403406353,60530
G76,SAS10,SAS10a,a,HE562,T21:24:00,2020,10,3,21,7.88154,54.65704,54.657039,16,13.37942403,1.181342248,440.9410664,2.546174039,0.471375352,0.015205657,9.09298259,54.77077473,29.38493119,5.968220178,0.296510302,0,0,0.002740106,0.6586,0.605512887,8997
G77,SAS10,SAS10c,c,HE562,T21:24:00,2020,10,3,21,7.88154,54.65704,54.657041,16,13.37942403,1.181342248,440.9410664,2.546174039,0.471375352,0.015205657,9.09298259,54.77077473,29.38493119,5.968220178,0.296510302,0,0,0.002740106,0.6586,0.605512887,8694
H01,CLS_13,CLS_13a,a,HE562,T07:10:00,2020,10,4,7,8.00354,54.41448,54.414479,17,16.10013029,2.023943997,245.8850632,3.846620204,0.072891127,0.410840899,54.64846597,42.4822742,1.908422238,0.337949771,0.139155788,0,0,0.004707001,1.127,0.75540402,18097
H02,CLS_13,CLS_13c,c,HE562,T07:10:00,2020,10,4,7,8.00354,54.41448,54.414481,17,16.10013029,2.023943997,245.8850632,3.846620204,0.072891127,0.410840899,54.64846597,42.4822742,1.908422238,0.337949771,0.139155788,0,0,0.004707001,1.127,0.75540402,18497
H03,CLS_25,CLS_25a,a,HE562,T08:02:00,2020,9,30,8,7.83406,54.91711,54.917109,17,19.22758081,2.43652439,184.7281468,3.330338274,1.26176219,7.841459937,77.33105218,11.56971771,1.404334189,0.420587397,0.171086399,0,0,0.002775413,0.5303,0.344426663,31218
H04,CLS_25,CLS_25c,c,HE562,T08:02:00,2020,9,30,8,7.83406,54.91711,54.917111,17,19.22758081,2.43652439,184.7281468,3.330338274,1.26176219,7.841459937,77.33105218,11.56971771,1.404334189,0.420587397,0.171086399,0,0,0.002775413,0.5303,0.344426663,30925
H05,CLS_47,CLS_47a,a,HE562,T12:08:00,2020,9,29,12,7.34634,55.02237,55.022369,16,30.53007385,2.09799241,233.5830657,2.659768071,2.184752657,5.537331059,45.19748065,44.9022438,1.515549141,0.636399423,0.026243275,0,0,0.050247239,0.5623,0.06393013,16844
H06,CLS_47,CLS_47b,b,HE562,T12:08:00,2020,9,29,12,7.34634,55.02237,55.02237,16,30.53007385,2.09799241,233.5830657,2.659768071,2.184752657,5.537331059,45.19748065,44.9022438,1.515549141,0.636399423,0.026243275,0,0,0.050247239,0.5623,0.06393013,17700
H07,CLS_47,CLS_47c,c,HE562,T12:08:00,2020,9,29,12,7.34634,55.02237,55.022371,16,30.53007385,2.09799241,233.5830657,2.659768071,2.184752657,5.537331059,45.19748065,44.9022438,1.515549141,0.636399423,0.026243275,0,0,0.050247239,0.5623,0.06393013,2223
H08,CLS_48,CLS_48a,a,HE562,T10:07:00,2020,9,28,10,7.11788,55.0534,55.053399,17,33.79138818,2.829542875,140.6768777,2.950605505,3.019456681,33.74632893,57.56240822,4.386930984,0.963656388,0.293685756,0.02753304,0,0,0.00801563,0.528,0.051279944,7908
H09,CLS_48,CLS_48b,b,HE562,T10:07:00,2020,9,28,10,7.11788,55.0534,55.0534,17,33.79138818,2.829542875,140.6768777,2.950605505,3.019456681,33.74632893,57.56240822,4.386930984,0.963656388,0.293685756,0.02753304,0,0,0.00801563,0.528,0.051279944,24081
H10,CLS_48,CLS_48c,c,HE562,T10:07:00,2020,9,28,10,7.11788,55.0534,55.053401,17,33.79138818,2.829542875,140.6768777,2.950605505,3.019456681,33.74632893,57.56240822,4.386930984,0.963656388,0.293685756,0.02753304,0,0,0.00801563,0.528,0.051279944,16676
H11,CLS_50,CLS_50a,a,HE562,T06:05:00,2020,9,28,6,7.05988,55.05749,55.057489,17,34.1968749,2.91963945,132.1602797,3.073536912,4.108714164,37.86545558,54.76866307,2.313369288,0.695430031,0.248367868,0,0,0,0.007440495,0.4917,0.054519459,23092
H12,CLS_50,CLS_50b,b,HE562,T06:05:00,2020,9,28,6,7.05988,55.05749,55.05749,17,34.1968749,2.91963945,132.1602797,3.073536912,4.108714164,37.86545558,54.76866307,2.313369288,0.695430031,0.248367868,0,0,0,0.007440495,0.4917,0.054519459,44682
H13,CLS_50,CLS_50c,c,HE562,T06:05:00,2020,9,28,6,7.05988,55.05749,55.057491,17,34.1968749,2.91963945,132.1602797,3.073536912,4.108714164,37.86545558,54.76866307,2.313369288,0.695430031,0.248367868,0,0,0,0.007440495,0.4917,0.054519459,16530
H14,CLS_54,CLS_54a,a,HE562,T11:53:00,2020,9,28,11,7.09338,55.03267,55.032669,17,32.4598027,2.729468147,150.7815542,3.144151846,4.181488203,20.5154265,69.68421053,4.696914701,0.784029038,0.137931034,0,0,0,0.003430116,0.5162,0.081121331,17959
H15,CLS_54,CLS_54b,b,HE562,T11:53:00,2020,9,28,11,7.09338,55.03267,55.03267,17,32.4598027,2.729468147,150.7815542,3.144151846,4.181488203,20.5154265,69.68421053,4.696914701,0.784029038,0.137931034,0,0,0,0.003430116,0.5162,0.081121331,9412
H16,CLS_54,CLS_54c,c,HE562,T11:53:00,2020,9,28,11,7.09338,55.03267,55.032671,17,32.4598027,2.729468147,150.7815542,3.144151846,4.181488203,20.5154265,69.68421053,4.696914701,0.784029038,0.137931034,0,0,0,0.003430116,0.5162,0.081121331,13576
H17,CLS_55,CLS_55a,a,HE562,T06:25:00,2020,9,29,6,7.23271,54.99352,54.993519,18,30.2599253,2.738921476,149.7967807,3.007667687,2.437210839,26.52015863,65.08592201,4.395241243,1.082286847,0.380039656,0.09914078,0,0,0.005434268,0.5596,0.073975112,4821
H18,CLS_55,CLS_55b,b,HE562,T06:25:00,2020,9,29,6,7.23271,54.99352,54.99352,18,30.2599253,2.738921476,149.7967807,3.007667687,2.437210839,26.52015863,65.08592201,4.395241243,1.082286847,0.380039656,0.09914078,0,0,0.005434268,0.5596,0.073975112,17495
H19,CLS_55,CLS_55c,c,HE562,T06:25:00,2020,9,29,6,7.23271,54.99352,54.993521,18,30.2599253,2.738921476,149.7967807,3.007667687,2.437210839,26.52015863,65.08592201,4.395241243,1.082286847,0.380039656,0.09914078,0,0,0.005434268,0.5596,0.073975112,11483
H20,CLS_67,CLS_67a,a,HE562,T09:04:00,2020,9,28,9,7.06618,55.04348,55.043479,19,33.59938832,2.715893766,152.2069598,3.342648517,0.882738197,25.51398143,69.01304174,3.172162424,0.871348027,0.41004613,0.136682043,0,0,0.007799346,0.4945,0.077678443,3777
H21,CLS_67,CLS_67c,c,HE562,T09:04:00,2020,9,28,9,7.06618,55.04348,55.043481,19,33.59938832,2.715893766,152.2069598,3.342648517,0.882738197,25.51398143,69.01304174,3.172162424,0.871348027,0.41004613,0.136682043,0,0,0.007799346,0.4945,0.077678443,20486
H22,CLS_72,CLS_72a,a,HE562,T18:40:00,2020,9,29,18,7.99949,55.08513,55.085129,16,17.12701907,2.389704293,190.8215094,2.793080416,0.196474683,14.34826541,64.07320085,18.08689795,2.593465813,0.550129112,0.151566184,0,0,0.002640107,0.4322,0.443762236,15957
H23,CLS_72,CLS_72c,c,HE562,T18:40:00,2020,9,29,18,7.99949,55.08513,55.085131,16,17.12701907,2.389704293,190.8215094,2.793080416,0.196474683,14.34826541,64.07320085,18.08689795,2.593465813,0.550129112,0.151566184,0,0,0.002640107,0.4322,0.443762236,19079
H24,CLS_73,CLS_73a,a,HE562,T06:51:00,2020,9,29,6,7.25531,55.00572,55.005719,18,31.16877101,2.887857957,135.1039765,3.443131318,2.378765614,36.96730345,57.76083762,2.222630419,0.54188097,0.110213079,0.018368846,0,0,0.00485685,0.5696,0.064442347,13196
H26,CLS_73,CLS_73c,c,HE562,T06:51:00,2020,9,29,6,7.25531,55.00572,55.005721,18,31.16877101,2.887857957,135.1039765,3.443131318,2.378765614,36.96730345,57.76083762,2.222630419,0.54188097,0.110213079,0.018368846,0,0,0.00485685,0.5696,0.064442347,23691
H27,CLS_74,CLS_74a,a,HE562,T11:00:00,2020,9,28,11,7.14481,55.05351,55.053509,18,33.9183851,2.783519755,145.23693,2.339531441,1.476419472,38.11693242,53.34514469,3.906184088,1.543912933,0.548384375,1.06302202,0,0,0.009443144,0.5462,0.047940294,3185
H28,CLS_74,CLS_74b,b,HE562,T11:00:00,2020,9,28,11,7.14481,55.05351,55.05351,18,33.9183851,2.783519755,145.23693,2.339531441,1.476419472,38.11693242,53.34514469,3.906184088,1.543912933,0.548384375,1.06302202,0,0,0.009443144,0.5462,0.047940294,15681
H29,CLS_74,CLS_74c,c,HE562,T11:00:00,2020,9,28,11,7.14481,55.05351,55.053511,18,33.9183851,2.783519755,145.23693,2.339531441,1.476419472,38.11693242,53.34514469,3.906184088,1.543912933,0.548384375,1.06302202,0,0,0.009443144,0.5462,0.047940294,22111
H30,SAR524,SAR524a,a,HE562,T06:23:00,2020,9,30,6,7.90403,54.91506,54.915059,18,17.33303319,1.900508281,267.8489822,3.237203145,0.409602913,1.371031972,40.15246331,54.60803277,2.594151781,0.625782228,0.216179315,0.022755717,0,0.002860078,0.4934,0.556668104,14310
H31,SAR524,SAR524b,b,HE562,T06:23:00,2020,9,30,6,7.90403,54.91506,54.91506,18,17.33303319,1.900508281,267.8489822,3.237203145,0.409602913,1.371031972,40.15246331,54.60803277,2.594151781,0.625782228,0.216179315,0.022755717,0,0.002860078,0.4934,0.556668104,10570
H32,SAR524,SAR524c,c,HE562,T06:23:00,2020,9,30,6,7.90403,54.91506,54.915061,18,17.33303319,1.900508281,267.8489822,3.237203145,0.409602913,1.371031972,40.15246331,54.60803277,2.594151781,0.625782228,0.216179315,0.022755717,0,0.002860078,0.4934,0.556668104,7315
H34,SAR13,SAR13a,a,HE562,T08:53:00,2020,9,25,8,7.07346,54.76532,54.765319,17,34.18945882,2.219023758,214.7866517,2.184466251,0.938041178,8.004618049,64.36886665,19.65557052,4.464113912,1.428708871,0.630171253,0.509909563,0,0.005451393,0.5808,0.015984182,23586
H36,SAR13,SAR13c,c,HE562,T08:53:00,2020,9,25,8,7.07346,54.76532,54.765321,17,34.18945882,2.219023758,214.7866517,2.184466251,0.938041178,8.004618049,64.36886665,19.65557052,4.464113912,1.428708871,0.630171253,0.509909563,0,0.005451393,0.5808,0.015984182,22557
H37,SAR_EM_03,SAR_EM_03a,a,HE562,T13:12:00,2020,9,23,13,7.14282,54.78324,54.783239,20,27.27167485,-1.293342131,2450.95183,2.668769914,0.220800975,0.433988122,0.243642455,0.243642455,1.096391046,20.93040962,68.98888381,7.827013857,0.015227653,0.011677418,0.5976,0.080682433,36126
H39,SAR_EM_03,SAR_EM_03c,c,HE562,T13:12:00,2020,9,23,13,7.14282,54.78324,54.783241,20,27.27167485,-1.293342131,2450.95183,2.668769914,0.220800975,0.433988122,0.243642455,0.243642455,1.096391046,20.93040962,68.98888381,7.827013857,0.015227653,0.011677418,0.5976,0.080682433,20741
H40,SAR_EM_62,SAR_EM_62a,a,HE562,T14:55:00,2020,9,27,14,6.86891,54.90914,54.909139,18,33.1078198,-0.034922474,1024.501768,1.539690749,0.800457404,0.095292548,5.526967791,14.61787688,9.767486183,61.34934248,4.021345531,2.29655041,1.52468077,0.003549779,0.4644,0.130810441,3211
H42,SAR_EM_62,SAR_EM_62c,c,HE562,T14:55:00,2020,9,27,14,6.86891,54.90914,54.909141,18,33.1078198,-0.034922474,1024.501768,1.539690749,0.800457404,0.095292548,5.526967791,14.61787688,9.767486183,61.34934248,4.021345531,2.29655041,1.52468077,0.003549779,0.4644,0.130810441,15059
H43,SAR_EM_72,SAR_EM_72a,a,HE562,T14:49:00,2020,9,26,14,6.92629,54.84859,54.848589,17,32.38243922,-0.67066379,1591.805196,0.885930647,1.093781649,1.164674904,7.145027345,17.92080211,3.362365809,22.18958882,25.07595706,11.52015394,10.52764837,0.010499103,0.5413,0.137020306,30356
H45,SAR_EM_72,SAR_EM_72c,c,HE562,T14:49:00,2020,9,26,14,6.92629,54.84859,54.848591,17,32.38243922,-0.67066379,1591.805196,0.885930647,1.093781649,1.164674904,7.145027345,17.92080211,3.362365809,22.18958882,25.07595706,11.52015394,10.52764837,0.010499103,0.5413,0.137020306,14305
H46,SAR_EM_73,SAR_EM_73a,a,HE562,T07:45:00,2020,9,25,7,7.12019,54.77423,54.774229,18,28.9250563,-1.059230621,2083.819939,1.787185826,0.289174804,0.913624743,0.9303885,2.271489041,3.742508696,31.30212481,50.43795315,9.295503122,0.817233142,0.006267334,0.5929,0.034673766,6590
H48,SAR_EM_73,SAR_EM_73c,c,HE562,T07:45:00,2020,9,25,7,7.12019,54.77423,54.774231,18,28.9250563,-1.059230621,2083.819939,1.787185826,0.289174804,0.913624743,0.9303885,2.271489041,3.742508696,31.30212481,50.43795315,9.295503122,0.817233142,0.006267334,0.5929,0.034673766,19706
H49,SAR_EM_74,SAR_EM_74a,a,HE562,T16:23:00,2020,9,23,16,7.13614,54.78013,54.780129,18,27.50924825,-1.448305986,2728.874384,2.168702501,0.517297123,0.247871538,0.247871538,0.204763444,0.797499731,18.81668283,59.71548658,18.13773036,1.314796853,0.011969832,0.5957,0.049907471,9283
H51,SAR_EM_74,SAR_EM_74c,c,HE562,T16:23:00,2020,9,23,16,7.13614,54.78013,54.780131,18,27.50924825,-1.448305986,2728.874384,2.168702501,0.517297123,0.247871538,0.247871538,0.204763444,0.797499731,18.81668283,59.71548658,18.13773036,1.314796853,0.011969832,0.5957,0.049907471,13889
I01,SAR_EM_01,SAR_EM_01a,a,HE562,T06:28:00,2020,9,25,6,7.12463,54.77818,54.778179,17,28.25346001,-2.698453369,6491.056748,0.915593305,0.131524297,0.782223453,1.882874152,1.799806175,2.941990863,5.212515575,18.36494531,31.11587983,37.76824034,0.010759524,0.5878,0.034681875,1747
I02,SAR_EM_01,SAR_EM_01b,b,HE562,T06:28:00,2020,9,25,6,7.12463,54.77818,54.77818,17,28.25346001,-2.698453369,6491.056748,0.915593305,0.131524297,0.782223453,1.882874152,1.799806175,2.941990863,5.212515575,18.36494531,31.11587983,37.76824034,0.010759524,0.5878,0.034681875,10234
I03,SAR_EM_01,SAR_EM_01c,c,HE562,T06:28:00,2020,9,25,6,7.12463,54.77818,54.778181,17,28.25346001,-2.698453369,6491.056748,0.915593305,0.131524297,0.782223453,1.882874152,1.799806175,2.941990863,5.212515575,18.36494531,31.11587983,37.76824034,0.010759524,0.5878,0.034681875,6347
I04,SAR_EM_02,SAR_EM_02a,a,HE562,T14:35:00,2020,9,23,15,7.12994,54.78293,54.782929,19,27.57673444,-1.519080768,2866.083751,1.451519426,0.680272109,0.09894867,0.445269017,1.008039579,3.803339518,25.69573284,37.00680272,21.41620284,9.845392703,0.010117444,0.5861,0.043666765,8632
I05,SAR_EM_02,SAR_EM_02b,b,HE562,T14:35:00,2020,9,23,15,7.12994,54.78293,54.78293,19,27.57673444,-1.519080768,2866.083751,1.451519426,0.680272109,0.09894867,0.445269017,1.008039579,3.803339518,25.69573284,37.00680272,21.41620284,9.845392703,0.010117444,0.5861,0.043666765,11203
I06,SAR_EM_02,SAR_EM_02c,c,HE562,T14:35:00,2020,9,23,15,7.12994,54.78293,54.782931,19,27.57673444,-1.519080768,2866.083751,1.451519426,0.680272109,0.09894867,0.445269017,1.008039579,3.803339518,25.69573284,37.00680272,21.41620284,9.845392703,0.010117444,0.5861,0.043666765,7390
I10,SAR_EM_53,SAR_EM_53c,c,HE562,T13:59:00,2020,9,26,14,6.9167,54.84321,54.843211,17,31.01580177,-1.709022818,3269.393024,1.382637404,0.544711757,0.505803774,1.446080021,3.877828935,1.23857078,4.701381233,45.82711886,37.85746709,4.001037546,0.012645522,0.5461,0.111298195,8737
I11,SAR_EM_61,SAR_EM_61a,a,HE562,T13:02:00,2020,9,26,13,6.92186,54.84328,54.843279,17,31.64434914,-0.720183668,1647.391749,1.375380477,0.172509738,0.311630495,2.44296049,8.402893712,3.244296049,56.16026711,16.4329438,4.869226489,7.96327212,0.007636134,0.5466,0.110941942,36680
I12,SAR_EM_61,SAR_EM_61b,b,HE562,T13:02:00,2020,9,26,13,6.92186,54.84328,54.84328,17,31.64434914,-0.720183668,1647.391749,1.375380477,0.172509738,0.311630495,2.44296049,8.402893712,3.244296049,56.16026711,16.4329438,4.869226489,7.96327212,0.007636134,0.5466,0.110941942,24203
I13,SAR_EM_61,SAR_EM_61c,c,HE562,T13:02:00,2020,9,26,13,6.92186,54.84328,54.843281,17,31.64434914,-0.720183668,1647.391749,1.375380477,0.172509738,0.311630495,2.44296049,8.402893712,3.244296049,56.16026711,16.4329438,4.869226489,7.96327212,0.007636134,0.5466,0.110941942,3109
I17,SAR_EM_70,SAR_EM_70b,b,HE562,T16:10:00,2020,9,26,16,6.92951,54.85308,54.85308,17,32.42561684,-0.804059153,1746.006771,0.828647612,3.1947688,0.672582905,8.547407753,11.08827651,1.644091546,22.37272303,24.94161607,20.37365717,7.164876226,0.011251806,0.5341,0.152818317,2719
